{
  "content": [
    {
      "path": "v1.1.0 - for non-separated HD78XH",
      "size": 0,
      "date": 133205897520000000
    },
    {
      "path": "Effects/LIGHT_ASOBO_BeaconBelly787.fx",
      "size": 1153,
      "date": 133205898423621051
    },
    {
      "path": "Effects/LIGHT_ASOBO_BeaconTop787.fx",
      "size": 1148,
      "date": 133205898423631051
    },
    {
      "path": "Effects/LIGHT_ASOBO_StrobeSimple_BOE.fx",
      "size": 1155,
      "date": 133205898423651049
    },
    {
      "path": "Effects/LIGHT_ASOBO_StrobeSimple_BOENAV.fx",
      "size": 1149,
      "date": 133205898423661048
    },
    {
      "path": "html_ui/Pages/VCockpit/Instruments/Airliners/B787_10/FMC/B787_8_FMC.html",
      "size": 86088,
      "date": 133205898481483366
    },
    {
      "path": "html_ui/Pages/VCockpit/Instruments/Airliners/B787_10/FMC/hdfmc8.js",
      "size": 847040,
      "date": 133205898482038309
    },
    {
      "path": "SimObjects/Airplanes/Kuro_B787_8/ai.cfg",
      "size": 777,
      "date": 133205898423757831
    },
    {
      "path": "SimObjects/Airplanes/Kuro_B787_8/aircraft.cfg",
      "size": 3350,
      "date": 133205898423767846
    },
    {
      "path": "SimObjects/Airplanes/Kuro_B787_8/aircraft.loc",
      "size": 16258,
      "date": 133205898423787832
    },
    {
      "path": "SimObjects/Airplanes/Kuro_B787_8/approach.flt",
      "size": 3606,
      "date": 133205898423797834
    },
    {
      "path": "SimObjects/Airplanes/Kuro_B787_8/apron.flt",
      "size": 3623,
      "date": 133205898423807850
    },
    {
      "path": "SimObjects/Airplanes/Kuro_B787_8/cameras.cfg",
      "size": 29246,
      "date": 133205898423817842
    },
    {
      "path": "SimObjects/Airplanes/Kuro_B787_8/Climb.flt",
      "size": 3609,
      "date": 133205898423827845
    },
    {
      "path": "SimObjects/Airplanes/Kuro_B787_8/cockpit.cfg",
      "size": 4643,
      "date": 133205898423837852
    },
    {
      "path": "SimObjects/Airplanes/Kuro_B787_8/Cruise.flt",
      "size": 3605,
      "date": 133205898423847860
    },
    {
      "path": "SimObjects/Airplanes/Kuro_B787_8/engines.cfg",
      "size": 11365,
      "date": 133205898423857851
    },
    {
      "path": "SimObjects/Airplanes/Kuro_B787_8/Final.flt",
      "size": 3608,
      "date": 133205898423867853
    },
    {
      "path": "SimObjects/Airplanes/Kuro_B787_8/flight_model.cfg",
      "size": 27207,
      "date": 133205898423878508
    },
    {
      "path": "SimObjects/Airplanes/Kuro_B787_8/gameplay.cfg",
      "size": 1118,
      "date": 133205898423889127
    },
    {
      "path": "SimObjects/Airplanes/Kuro_B787_8/hangar.flt",
      "size": 3453,
      "date": 133205898423899726
    },
    {
      "path": "SimObjects/Airplanes/Kuro_B787_8/Notice.txt",
      "size": 255,
      "date": 133205898429817674
    },
    {
      "path": "SimObjects/Airplanes/Kuro_B787_8/runway.FLT",
      "size": 3574,
      "date": 133205898429827676
    },
    {
      "path": "SimObjects/Airplanes/Kuro_B787_8/systems.cfg",
      "size": 19801,
      "date": 133205898429837677
    },
    {
      "path": "SimObjects/Airplanes/Kuro_B787_8/target_performance.cfg",
      "size": 1777,
      "date": 133205898429847681
    },
    {
      "path": "SimObjects/Airplanes/Kuro_B787_8/taxi.flt",
      "size": 3549,
      "date": 133205898429857681
    },
    {
      "path": "SimObjects/Airplanes/Kuro_B787_8/model/B787.xml",
      "size": 12666,
      "date": 133205898423915615
    },
    {
      "path": "SimObjects/Airplanes/Kuro_B787_8/model/B787_lod1.bin",
      "size": 50449052,
      "date": 133205898429667643
    },
    {
      "path": "SimObjects/Airplanes/Kuro_B787_8/model/B787_lod1.gltf",
      "size": 1226004,
      "date": 133205898429767659
    },
    {
      "path": "SimObjects/Airplanes/Kuro_B787_8/model/B787_lod6.bin",
      "size": 30724,
      "date": 133205898429787659
    },
    {
      "path": "SimObjects/Airplanes/Kuro_B787_8/model/B787_lod6.gltf",
      "size": 9974,
      "date": 133205898429797668
    },
    {
      "path": "SimObjects/Airplanes/Kuro_B787_8/model/model.CFG",
      "size": 684,
      "date": 133205898429807671
    },
    {
      "path": "SimObjects/Airplanes/Kuro_B787_8/TEXTURE/787_10_AIRFRAME_787_ALBD.PNG.DDS",
      "size": 4224,
      "date": 133205898429877692
    },
    {
      "path": "SimObjects/Airplanes/Kuro_B787_8/TEXTURE/787_10_AIRFRAME_787_ALBD.PNG.DDS.json",
      "size": 119,
      "date": 133205898429887699
    },
    {
      "path": "SimObjects/Airplanes/Kuro_B787_8/TEXTURE/787_10_AIRFRAME_DECALS2_ALBD.PNG.DDS",
      "size": 4194432,
      "date": 133205898430083715
    },
    {
      "path": "SimObjects/Airplanes/Kuro_B787_8/TEXTURE/787_10_AIRFRAME_DECALS2_ALBD.PNG.DDS.json",
      "size": 119,
      "date": 133205898430093708
    },
    {
      "path": "SimObjects/Airplanes/Kuro_B787_8/TEXTURE/787_10_AIRFRAME_ENGINE_ALBD.PNG.DDS",
      "size": 2796344,
      "date": 133170466654123181
    },
    {
      "path": "SimObjects/Airplanes/Kuro_B787_8/TEXTURE/787_10_AIRFRAME_ENGINE_ALBD.PNG.DDS.json",
      "size": 102,
      "date": 133170466654133166
    },
    {
      "path": "SimObjects/Airplanes/Kuro_B787_8/TEXTURE/787_10_AIRFRAME_LIVERY1_ALBD.PNG.DDS",
      "size": 16777344,
      "date": 133205898430843870
    },
    {
      "path": "SimObjects/Airplanes/Kuro_B787_8/TEXTURE/787_10_AIRFRAME_LIVERY1_ALBD.PNG.DDS.json",
      "size": 102,
      "date": 133205898430853871
    },
    {
      "path": "SimObjects/Airplanes/Kuro_B787_8/TEXTURE/787_10_AIRFRAME_LIVERY2_ALBD.PNG.DDS",
      "size": 4224,
      "date": 133205898430873875
    },
    {
      "path": "SimObjects/Airplanes/Kuro_B787_8/TEXTURE/787_10_AIRFRAME_LIVERY2_ALBD.PNG.DDS.json",
      "size": 119,
      "date": 133205898430873875
    },
    {
      "path": "SimObjects/Airplanes/Kuro_B787_8/TEXTURE/787_10_AIRFRAME_LOD6_ALBD.PNG.DDS",
      "size": 1152,
      "date": 133205898430883882
    },
    {
      "path": "SimObjects/Airplanes/Kuro_B787_8/TEXTURE/787_10_AIRFRAME_LOD6_ALBD.PNG.DDS.json",
      "size": 102,
      "date": 133205898430893878
    },
    {
      "path": "SimObjects/Airplanes/Kuro_B787_8/TEXTURE/787_10_COCKPIT_TEXTS1_ALBD.TIF.DDS",
      "size": 1048704,
      "date": 133205898430978999
    },
    {
      "path": "SimObjects/Airplanes/Kuro_B787_8/TEXTURE/787_10_COCKPIT_TEXTS1_ALBD.TIF.DDS.json",
      "size": 119,
      "date": 133205898430988991
    },
    {
      "path": "SimObjects/Airplanes/Kuro_B787_8/TEXTURE/787_10_COCKPIT_TEXTS1_EMIS.TIF.DDS",
      "size": 1048704,
      "date": 133205898431074107
    },
    {
      "path": "SimObjects/Airplanes/Kuro_B787_8/TEXTURE/787_10_COCKPIT_TEXTS1_EMIS.TIF.DDS.json",
      "size": 102,
      "date": 133205898431084110
    },
    {
      "path": "SimObjects/Airplanes/Kuro_B787_8/TEXTURE/787_8_COCKPIT_TEXTS1_ALBD.TIF.DDS",
      "size": 1048704,
      "date": 133205898431184149
    },
    {
      "path": "SimObjects/Airplanes/Kuro_B787_8/TEXTURE/787_8_COCKPIT_TEXTS1_ALBD.TIF.DDS.json",
      "size": 119,
      "date": 133205898431194134
    },
    {
      "path": "SimObjects/Airplanes/Kuro_B787_8/TEXTURE/787_8_COCKPIT_TEXTS1_EMIS.TIF.DDS",
      "size": 1048704,
      "date": 133205898431279328
    },
    {
      "path": "SimObjects/Airplanes/Kuro_B787_8/TEXTURE/787_8_COCKPIT_TEXTS1_EMIS.TIF.DDS.json",
      "size": 102,
      "date": 133205898431289251
    },
    {
      "path": "SimObjects/Airplanes/Kuro_B787_8/TEXTURE/LIVERY_KLM.PNG.DDS",
      "size": 4224,
      "date": 133205898431309267
    },
    {
      "path": "SimObjects/Airplanes/Kuro_B787_8/TEXTURE/LIVERY_KLM.PNG.DDS.json",
      "size": 119,
      "date": 133205898431319268
    },
    {
      "path": "SimObjects/Airplanes/Kuro_B787_8/TEXTURE/texture.CFG",
      "size": 326,
      "date": 133205898431329258
    },
    {
      "path": "SimObjects/Airplanes/Kuro_B787_8/TEXTURE/thumbnail.JPG",
      "size": 197475,
      "date": 133205898431349267
    },
    {
      "path": "SimObjects/Airplanes/Kuro_B787_8/TEXTURE/thumbnail_small.JPG",
      "size": 36681,
      "date": 133205898431359274
    },
    {
      "path": "SimObjects/Airplanes/Kuro_B787_8-AAL/aircraft.cfg",
      "size": 2024,
      "date": 133205898431379274
    },
    {
      "path": "SimObjects/Airplanes/Kuro_B787_8-AAL/panel.AAL/PANEL.CFG",
      "size": 471,
      "date": 133205898431399287
    },
    {
      "path": "SimObjects/Airplanes/Kuro_B787_8-AAL/TEXTURE.AAL/787_10_AIRFRAME_787_ALBD.PNG.DDS",
      "size": 4224,
      "date": 133205898431419285
    },
    {
      "path": "SimObjects/Airplanes/Kuro_B787_8-AAL/TEXTURE.AAL/787_10_AIRFRAME_787_ALBD.PNG.DDS.json",
      "size": 119,
      "date": 133205898431429281
    },
    {
      "path": "SimObjects/Airplanes/Kuro_B787_8-AAL/TEXTURE.AAL/787_10_AIRFRAME_ENGINE_ALBD.PNG.DDS",
      "size": 2097280,
      "date": 133205898431584416
    },
    {
      "path": "SimObjects/Airplanes/Kuro_B787_8-AAL/TEXTURE.AAL/787_10_AIRFRAME_ENGINE_ALBD.PNG.DDS.json",
      "size": 102,
      "date": 133205898431599578
    },
    {
      "path": "SimObjects/Airplanes/Kuro_B787_8-AAL/TEXTURE.AAL/787_10_AIRFRAME_FUSELAGE1_ALBD.PNG.DDS",
      "size": 8388736,
      "date": 133205898431949773
    },
    {
      "path": "SimObjects/Airplanes/Kuro_B787_8-AAL/TEXTURE.AAL/787_10_AIRFRAME_FUSELAGE1_ALBD.PNG.DDS.json",
      "size": 102,
      "date": 133205898431959792
    },
    {
      "path": "SimObjects/Airplanes/Kuro_B787_8-AAL/TEXTURE.AAL/787_10_AIRFRAME_FUSELAGE2_ALBD.PNG.DDS",
      "size": 8388736,
      "date": 133205898432304939
    },
    {
      "path": "SimObjects/Airplanes/Kuro_B787_8-AAL/TEXTURE.AAL/787_10_AIRFRAME_FUSELAGE2_ALBD.PNG.DDS.json",
      "size": 102,
      "date": 133205898432314937
    },
    {
      "path": "SimObjects/Airplanes/Kuro_B787_8-AAL/TEXTURE.AAL/787_10_AIRFRAME_LOD6_ALBD.PNG.DDS",
      "size": 1152,
      "date": 133205898432324938
    },
    {
      "path": "SimObjects/Airplanes/Kuro_B787_8-AAL/TEXTURE.AAL/787_10_AIRFRAME_LOD6_ALBD.PNG.DDS.json",
      "size": 102,
      "date": 133205898432334940
    },
    {
      "path": "SimObjects/Airplanes/Kuro_B787_8-AAL/TEXTURE.AAL/787_10_AIRFRAME_TAIL_ALBD.PNG.DDS",
      "size": 8388736,
      "date": 133205898432730280
    },
    {
      "path": "SimObjects/Airplanes/Kuro_B787_8-AAL/TEXTURE.AAL/787_10_AIRFRAME_TAIL_ALBD.PNG.DDS.json",
      "size": 102,
      "date": 133205898432750300
    },
    {
      "path": "SimObjects/Airplanes/Kuro_B787_8-AAL/TEXTURE.AAL/texture.CFG",
      "size": 363,
      "date": 133205898432760294
    },
    {
      "path": "SimObjects/Airplanes/Kuro_B787_8-AAL/TEXTURE.AAL/thumbnail.JPG",
      "size": 66803,
      "date": 133205898432780295
    },
    {
      "path": "SimObjects/Airplanes/Kuro_B787_8-AAL/TEXTURE.AAL/thumbnail_small.JPG",
      "size": 15862,
      "date": 133205898432800305
    },
    {
      "path": "SimObjects/Airplanes/Kuro_B787_8-ACA/aircraft.cfg",
      "size": 2033,
      "date": 133205898432820302
    },
    {
      "path": "SimObjects/Airplanes/Kuro_B787_8-ACA/model.ACA/B787.xml",
      "size": 12666,
      "date": 133205898432840315
    },
    {
      "path": "SimObjects/Airplanes/Kuro_B787_8-ACA/model.ACA/B787_lod1.bin",
      "size": 50516344,
      "date": 133205898438204598
    },
    {
      "path": "SimObjects/Airplanes/Kuro_B787_8-ACA/model.ACA/B787_lod1.gltf",
      "size": 1232139,
      "date": 133205898438294616
    },
    {
      "path": "SimObjects/Airplanes/Kuro_B787_8-ACA/model.ACA/B787_lod6.bin",
      "size": 30724,
      "date": 133205898438314612
    },
    {
      "path": "SimObjects/Airplanes/Kuro_B787_8-ACA/model.ACA/B787_lod6.gltf",
      "size": 9974,
      "date": 133205898438324630
    },
    {
      "path": "SimObjects/Airplanes/Kuro_B787_8-ACA/model.ACA/model.CFG",
      "size": 684,
      "date": 133205898438334628
    },
    {
      "path": "SimObjects/Airplanes/Kuro_B787_8-ACA/panel.ACA/PANEL.CFG",
      "size": 471,
      "date": 133205898438344643
    },
    {
      "path": "SimObjects/Airplanes/Kuro_B787_8-ACA/TEXTURE.ACA/787_10_AIRFRAME_787_ALBD.PNG.DDS",
      "size": 4224,
      "date": 133205898438364623
    },
    {
      "path": "SimObjects/Airplanes/Kuro_B787_8-ACA/TEXTURE.ACA/787_10_AIRFRAME_787_ALBD.PNG.DDS.json",
      "size": 119,
      "date": 133205898438374623
    },
    {
      "path": "SimObjects/Airplanes/Kuro_B787_8-ACA/TEXTURE.ACA/787_10_AIRFRAME_ENGINE_ALBD.PNG.DDS",
      "size": 2097280,
      "date": 133205898438504654
    },
    {
      "path": "SimObjects/Airplanes/Kuro_B787_8-ACA/TEXTURE.ACA/787_10_AIRFRAME_ENGINE_ALBD.PNG.DDS.json",
      "size": 102,
      "date": 133205898438524673
    },
    {
      "path": "SimObjects/Airplanes/Kuro_B787_8-ACA/TEXTURE.ACA/787_10_AIRFRAME_FUSELAGE1_ALBD.PNG.DDS",
      "size": 8388736,
      "date": 133205898438874728
    },
    {
      "path": "SimObjects/Airplanes/Kuro_B787_8-ACA/TEXTURE.ACA/787_10_AIRFRAME_FUSELAGE1_ALBD.PNG.DDS.json",
      "size": 102,
      "date": 133205898438894752
    },
    {
      "path": "SimObjects/Airplanes/Kuro_B787_8-ACA/TEXTURE.ACA/787_10_AIRFRAME_FUSELAGE2_ALBD.PNG.DDS",
      "size": 8388736,
      "date": 133205898439244825
    },
    {
      "path": "SimObjects/Airplanes/Kuro_B787_8-ACA/TEXTURE.ACA/787_10_AIRFRAME_FUSELAGE2_ALBD.PNG.DDS.json",
      "size": 102,
      "date": 133205898439254837
    },
    {
      "path": "SimObjects/Airplanes/Kuro_B787_8-ACA/TEXTURE.ACA/787_10_AIRFRAME_LOD6_ALBD.PNG.DDS",
      "size": 1152,
      "date": 133205898439264829
    },
    {
      "path": "SimObjects/Airplanes/Kuro_B787_8-ACA/TEXTURE.ACA/787_10_AIRFRAME_LOD6_ALBD.PNG.DDS.json",
      "size": 102,
      "date": 133205898439274830
    },
    {
      "path": "SimObjects/Airplanes/Kuro_B787_8-ACA/TEXTURE.ACA/787_10_AIRFRAME_TAIL_ALBD.PNG.DDS",
      "size": 8388736,
      "date": 133205898439604913
    },
    {
      "path": "SimObjects/Airplanes/Kuro_B787_8-ACA/TEXTURE.ACA/787_10_AIRFRAME_TAIL_ALBD.PNG.DDS.json",
      "size": 102,
      "date": 133205898439614908
    },
    {
      "path": "SimObjects/Airplanes/Kuro_B787_8-ACA/TEXTURE.ACA/787_8_AIRFRAME_LIVERYDECALS_ALBD.PNG.DDS",
      "size": 640,
      "date": 133205898439624927
    },
    {
      "path": "SimObjects/Airplanes/Kuro_B787_8-ACA/TEXTURE.ACA/787_8_AIRFRAME_LIVERYDECALS_ALBD.PNG.DDS.json",
      "size": 119,
      "date": 133205898439634913
    },
    {
      "path": "SimObjects/Airplanes/Kuro_B787_8-ACA/TEXTURE.ACA/texture.CFG",
      "size": 363,
      "date": 133205898439644925
    },
    {
      "path": "SimObjects/Airplanes/Kuro_B787_8-ACA/TEXTURE.ACA/thumbnail.JPG",
      "size": 82797,
      "date": 133205898439664928
    },
    {
      "path": "SimObjects/Airplanes/Kuro_B787_8-ACA/TEXTURE.ACA/thumbnail_small.JPG",
      "size": 25490,
      "date": 133205898439674932
    },
    {
      "path": "SimObjects/Airplanes/Kuro_B787_8-ANA/aircraft.cfg",
      "size": 2020,
      "date": 133205898439694945
    },
    {
      "path": "SimObjects/Airplanes/Kuro_B787_8-ANA/model.ANA/B787.xml",
      "size": 12666,
      "date": 133205898439714931
    },
    {
      "path": "SimObjects/Airplanes/Kuro_B787_8-ANA/model.ANA/B787_lod1.bin",
      "size": 50623956,
      "date": 133205898445461445
    },
    {
      "path": "SimObjects/Airplanes/Kuro_B787_8-ANA/model.ANA/B787_lod1.gltf",
      "size": 1232140,
      "date": 133205898445551465
    },
    {
      "path": "SimObjects/Airplanes/Kuro_B787_8-ANA/model.ANA/B787_lod6.bin",
      "size": 30724,
      "date": 133205898445571470
    },
    {
      "path": "SimObjects/Airplanes/Kuro_B787_8-ANA/model.ANA/B787_lod6.gltf",
      "size": 9974,
      "date": 133205898445581478
    },
    {
      "path": "SimObjects/Airplanes/Kuro_B787_8-ANA/model.ANA/model.CFG",
      "size": 684,
      "date": 133205898445591465
    },
    {
      "path": "SimObjects/Airplanes/Kuro_B787_8-ANA/panel.ANA/PANEL.CFG",
      "size": 471,
      "date": 133205898445611482
    },
    {
      "path": "SimObjects/Airplanes/Kuro_B787_8-ANA/TEXTURE.ANA/787_10_AIRFRAME_787_ALBD.PNG.DDS",
      "size": 4224,
      "date": 133205898445621478
    },
    {
      "path": "SimObjects/Airplanes/Kuro_B787_8-ANA/TEXTURE.ANA/787_10_AIRFRAME_787_ALBD.PNG.DDS.json",
      "size": 119,
      "date": 133205898445641514
    },
    {
      "path": "SimObjects/Airplanes/Kuro_B787_8-ANA/TEXTURE.ANA/787_10_AIRFRAME_FUSELAGE1_ALBD.PNG.DDS",
      "size": 8388736,
      "date": 133205898446021578
    },
    {
      "path": "SimObjects/Airplanes/Kuro_B787_8-ANA/TEXTURE.ANA/787_10_AIRFRAME_FUSELAGE1_ALBD.PNG.DDS.json",
      "size": 102,
      "date": 133205898446041575
    },
    {
      "path": "SimObjects/Airplanes/Kuro_B787_8-ANA/TEXTURE.ANA/787_10_AIRFRAME_FUSELAGE2_ALBD.PNG.DDS",
      "size": 8388736,
      "date": 133205898446441672
    },
    {
      "path": "SimObjects/Airplanes/Kuro_B787_8-ANA/TEXTURE.ANA/787_10_AIRFRAME_FUSELAGE2_ALBD.PNG.DDS.json",
      "size": 102,
      "date": 133205898446451669
    },
    {
      "path": "SimObjects/Airplanes/Kuro_B787_8-ANA/TEXTURE.ANA/787_10_AIRFRAME_LIVERY1_ALBD.PNG.DDS",
      "size": 2097280,
      "date": 133205898446561692
    },
    {
      "path": "SimObjects/Airplanes/Kuro_B787_8-ANA/TEXTURE.ANA/787_10_AIRFRAME_LIVERY1_ALBD.PNG.DDS.json",
      "size": 102,
      "date": 133205898446571692
    },
    {
      "path": "SimObjects/Airplanes/Kuro_B787_8-ANA/TEXTURE.ANA/787_10_AIRFRAME_LIVERY2_ALBD.PNG.DDS",
      "size": 4224,
      "date": 133205898446591699
    },
    {
      "path": "SimObjects/Airplanes/Kuro_B787_8-ANA/TEXTURE.ANA/787_10_AIRFRAME_LIVERY2_ALBD.PNG.DDS.json",
      "size": 119,
      "date": 133205898446601703
    },
    {
      "path": "SimObjects/Airplanes/Kuro_B787_8-ANA/TEXTURE.ANA/787_10_AIRFRAME_LOD6_ALBD.PNG.DDS",
      "size": 1152,
      "date": 133205898446611701
    },
    {
      "path": "SimObjects/Airplanes/Kuro_B787_8-ANA/TEXTURE.ANA/787_10_AIRFRAME_LOD6_ALBD.PNG.DDS.json",
      "size": 102,
      "date": 133205898446621705
    },
    {
      "path": "SimObjects/Airplanes/Kuro_B787_8-ANA/TEXTURE.ANA/787_10_AIRFRAME_TAIL_ALBD.PNG.DDS",
      "size": 8388736,
      "date": 133205898447001795
    },
    {
      "path": "SimObjects/Airplanes/Kuro_B787_8-ANA/TEXTURE.ANA/787_10_AIRFRAME_TAIL_ALBD.PNG.DDS.json",
      "size": 102,
      "date": 133205898447011812
    },
    {
      "path": "SimObjects/Airplanes/Kuro_B787_8-ANA/TEXTURE.ANA/787_8_AIRFRAME_LIVERYDECALS_ALBD.PNG.DDS",
      "size": 640,
      "date": 133205898447021795
    },
    {
      "path": "SimObjects/Airplanes/Kuro_B787_8-ANA/TEXTURE.ANA/787_8_AIRFRAME_LIVERYDECALS_ALBD.PNG.DDS.json",
      "size": 119,
      "date": 133205898447041816
    },
    {
      "path": "SimObjects/Airplanes/Kuro_B787_8-ANA/TEXTURE.ANA/texture.CFG",
      "size": 363,
      "date": 133205898447051804
    },
    {
      "path": "SimObjects/Airplanes/Kuro_B787_8-ANA/TEXTURE.ANA/thumbnail.JPG",
      "size": 69026,
      "date": 133205898447071814
    },
    {
      "path": "SimObjects/Airplanes/Kuro_B787_8-ANA/TEXTURE.ANA/thumbnail_small.JPG",
      "size": 16331,
      "date": 133205898447081824
    },
    {
      "path": "SimObjects/Airplanes/Kuro_B787_8-AVA/aircraft.cfg",
      "size": 2021,
      "date": 133205898447101815
    },
    {
      "path": "SimObjects/Airplanes/Kuro_B787_8-AVA/panel.AVA/PANEL.CFG",
      "size": 471,
      "date": 133205898447131821
    },
    {
      "path": "SimObjects/Airplanes/Kuro_B787_8-AVA/TEXTURE.AVA/787_10_AIRFRAME_787_ALBD.PNG.DDS",
      "size": 4224,
      "date": 133205898447151824
    },
    {
      "path": "SimObjects/Airplanes/Kuro_B787_8-AVA/TEXTURE.AVA/787_10_AIRFRAME_787_ALBD.PNG.DDS.json",
      "size": 119,
      "date": 133205898447161829
    },
    {
      "path": "SimObjects/Airplanes/Kuro_B787_8-AVA/TEXTURE.AVA/787_10_AIRFRAME_ENGINE_ALBD.PNG.DDS",
      "size": 2097280,
      "date": 133205898447311860
    },
    {
      "path": "SimObjects/Airplanes/Kuro_B787_8-AVA/TEXTURE.AVA/787_10_AIRFRAME_ENGINE_ALBD.PNG.DDS.json",
      "size": 102,
      "date": 133205898447321865
    },
    {
      "path": "SimObjects/Airplanes/Kuro_B787_8-AVA/TEXTURE.AVA/787_10_AIRFRAME_FUSELAGE1_ALBD.PNG.DDS",
      "size": 8388736,
      "date": 133205898447711954
    },
    {
      "path": "SimObjects/Airplanes/Kuro_B787_8-AVA/TEXTURE.AVA/787_10_AIRFRAME_FUSELAGE1_ALBD.PNG.DDS.json",
      "size": 102,
      "date": 133205898447721984
    },
    {
      "path": "SimObjects/Airplanes/Kuro_B787_8-AVA/TEXTURE.AVA/787_10_AIRFRAME_FUSELAGE2_ALBD.PNG.DDS",
      "size": 8388736,
      "date": 133205898448072028
    },
    {
      "path": "SimObjects/Airplanes/Kuro_B787_8-AVA/TEXTURE.AVA/787_10_AIRFRAME_FUSELAGE2_ALBD.PNG.DDS.json",
      "size": 102,
      "date": 133205898448082050
    },
    {
      "path": "SimObjects/Airplanes/Kuro_B787_8-AVA/TEXTURE.AVA/787_10_AIRFRAME_LOD6_ALBD.PNG.DDS",
      "size": 1152,
      "date": 133205898448092039
    },
    {
      "path": "SimObjects/Airplanes/Kuro_B787_8-AVA/TEXTURE.AVA/787_10_AIRFRAME_LOD6_ALBD.PNG.DDS.json",
      "size": 102,
      "date": 133205898448102041
    },
    {
      "path": "SimObjects/Airplanes/Kuro_B787_8-AVA/TEXTURE.AVA/787_10_AIRFRAME_TAIL_ALBD.PNG.DDS",
      "size": 8388736,
      "date": 133205898448502126
    },
    {
      "path": "SimObjects/Airplanes/Kuro_B787_8-AVA/TEXTURE.AVA/787_10_AIRFRAME_TAIL_ALBD.PNG.DDS.json",
      "size": 102,
      "date": 133205898448522162
    },
    {
      "path": "SimObjects/Airplanes/Kuro_B787_8-AVA/TEXTURE.AVA/texture.CFG",
      "size": 363,
      "date": 133205898448532138
    },
    {
      "path": "SimObjects/Airplanes/Kuro_B787_8-AVA/TEXTURE.AVA/thumbnail.jpg",
      "size": 67747,
      "date": 133205898448552141
    },
    {
      "path": "SimObjects/Airplanes/Kuro_B787_8-AVA/TEXTURE.AVA/thumbnail_small.jpg",
      "size": 16172,
      "date": 133205898448562145
    },
    {
      "path": "SimObjects/Airplanes/Kuro_B787_8-BAW/aircraft.cfg",
      "size": 2039,
      "date": 133205898448582179
    },
    {
      "path": "SimObjects/Airplanes/Kuro_B787_8-BAW/panel.BAW/PANEL.CFG",
      "size": 471,
      "date": 133205898448602184
    },
    {
      "path": "SimObjects/Airplanes/Kuro_B787_8-BAW/TEXTURE.BAW/787_10_AIRFRAME_787_ALBD.PNG.DDS",
      "size": 4224,
      "date": 133205898448622152
    },
    {
      "path": "SimObjects/Airplanes/Kuro_B787_8-BAW/TEXTURE.BAW/787_10_AIRFRAME_787_ALBD.PNG.DDS.json",
      "size": 119,
      "date": 133205898448642165
    },
    {
      "path": "SimObjects/Airplanes/Kuro_B787_8-BAW/TEXTURE.BAW/787_10_AIRFRAME_ENGINE_ALBD.PNG.DDS",
      "size": 2097280,
      "date": 133205898448792199
    },
    {
      "path": "SimObjects/Airplanes/Kuro_B787_8-BAW/TEXTURE.BAW/787_10_AIRFRAME_ENGINE_ALBD.PNG.DDS.json",
      "size": 102,
      "date": 133205898448812202
    },
    {
      "path": "SimObjects/Airplanes/Kuro_B787_8-BAW/TEXTURE.BAW/787_10_AIRFRAME_FUSELAGE1_ALBD.PNG.DDS",
      "size": 8388736,
      "date": 133205898449192301
    },
    {
      "path": "SimObjects/Airplanes/Kuro_B787_8-BAW/TEXTURE.BAW/787_10_AIRFRAME_FUSELAGE1_ALBD.PNG.DDS.json",
      "size": 102,
      "date": 133205898449202317
    },
    {
      "path": "SimObjects/Airplanes/Kuro_B787_8-BAW/TEXTURE.BAW/787_10_AIRFRAME_FUSELAGE2_ALBD.PNG.DDS",
      "size": 8388736,
      "date": 133205898449552370
    },
    {
      "path": "SimObjects/Airplanes/Kuro_B787_8-BAW/TEXTURE.BAW/787_10_AIRFRAME_FUSELAGE2_ALBD.PNG.DDS.json",
      "size": 102,
      "date": 133205898449562377
    },
    {
      "path": "SimObjects/Airplanes/Kuro_B787_8-BAW/TEXTURE.BAW/787_10_AIRFRAME_LOD6_ALBD.PNG.DDS",
      "size": 1152,
      "date": 133205898449572376
    },
    {
      "path": "SimObjects/Airplanes/Kuro_B787_8-BAW/TEXTURE.BAW/787_10_AIRFRAME_LOD6_ALBD.PNG.DDS.json",
      "size": 102,
      "date": 133205898449592391
    },
    {
      "path": "SimObjects/Airplanes/Kuro_B787_8-BAW/TEXTURE.BAW/787_10_AIRFRAME_TAIL_ALBD.PNG.DDS",
      "size": 8388736,
      "date": 133205898450042497
    },
    {
      "path": "SimObjects/Airplanes/Kuro_B787_8-BAW/TEXTURE.BAW/787_10_AIRFRAME_TAIL_ALBD.PNG.DDS.json",
      "size": 102,
      "date": 133205898450062483
    },
    {
      "path": "SimObjects/Airplanes/Kuro_B787_8-BAW/TEXTURE.BAW/texture.CFG",
      "size": 363,
      "date": 133205898450072488
    },
    {
      "path": "SimObjects/Airplanes/Kuro_B787_8-BAW/TEXTURE.BAW/thumbnail.JPG",
      "size": 68851,
      "date": 133205898450092487
    },
    {
      "path": "SimObjects/Airplanes/Kuro_B787_8-BAW/TEXTURE.BAW/thumbnail_small.JPG",
      "size": 16438,
      "date": 133205898450102494
    },
    {
      "path": "SimObjects/Airplanes/Kuro_B787_8-BOE/aircraft.cfg",
      "size": 2034,
      "date": 133205898450122506
    },
    {
      "path": "SimObjects/Airplanes/Kuro_B787_8-BOE/model.BOE/B787.xml",
      "size": 12666,
      "date": 133205898450142501
    },
    {
      "path": "SimObjects/Airplanes/Kuro_B787_8-BOE/model.BOE/B787_lod1.bin",
      "size": 50546176,
      "date": 133205898455979325
    },
    {
      "path": "SimObjects/Airplanes/Kuro_B787_8-BOE/model.BOE/B787_lod1.gltf",
      "size": 1232145,
      "date": 133205898456079370
    },
    {
      "path": "SimObjects/Airplanes/Kuro_B787_8-BOE/model.BOE/B787_lod6.bin",
      "size": 30724,
      "date": 133205898456089386
    },
    {
      "path": "SimObjects/Airplanes/Kuro_B787_8-BOE/model.BOE/B787_lod6.gltf",
      "size": 9974,
      "date": 133205898456099362
    },
    {
      "path": "SimObjects/Airplanes/Kuro_B787_8-BOE/model.BOE/model.CFG",
      "size": 684,
      "date": 133205898456109373
    },
    {
      "path": "SimObjects/Airplanes/Kuro_B787_8-BOE/panel.BOE/PANEL.CFG",
      "size": 471,
      "date": 133205898456129370
    },
    {
      "path": "SimObjects/Airplanes/Kuro_B787_8-BOE/TEXTURE.BOE/787_10_AIRFRAME_787_ALBD.PNG.DDS",
      "size": 4224,
      "date": 133205898456149374
    },
    {
      "path": "SimObjects/Airplanes/Kuro_B787_8-BOE/TEXTURE.BOE/787_10_AIRFRAME_787_ALBD.PNG.DDS.json",
      "size": 119,
      "date": 133205898456159390
    },
    {
      "path": "SimObjects/Airplanes/Kuro_B787_8-BOE/TEXTURE.BOE/787_10_AIRFRAME_FUSELAGE1_ALBD.PNG.DDS",
      "size": 8388736,
      "date": 133205898456569494
    },
    {
      "path": "SimObjects/Airplanes/Kuro_B787_8-BOE/TEXTURE.BOE/787_10_AIRFRAME_FUSELAGE1_ALBD.PNG.DDS.json",
      "size": 102,
      "date": 133205898456579478
    },
    {
      "path": "SimObjects/Airplanes/Kuro_B787_8-BOE/TEXTURE.BOE/787_10_AIRFRAME_FUSELAGE2_ALBD.PNG.DDS",
      "size": 8388736,
      "date": 133205898456929555
    },
    {
      "path": "SimObjects/Airplanes/Kuro_B787_8-BOE/TEXTURE.BOE/787_10_AIRFRAME_FUSELAGE2_ALBD.PNG.DDS.json",
      "size": 102,
      "date": 133205898456939559
    },
    {
      "path": "SimObjects/Airplanes/Kuro_B787_8-BOE/TEXTURE.BOE/787_10_AIRFRAME_LOD6_ALBD.PNG.DDS",
      "size": 1152,
      "date": 133205898456949555
    },
    {
      "path": "SimObjects/Airplanes/Kuro_B787_8-BOE/TEXTURE.BOE/787_10_AIRFRAME_LOD6_ALBD.PNG.DDS.json",
      "size": 102,
      "date": 133205898456959569
    },
    {
      "path": "SimObjects/Airplanes/Kuro_B787_8-BOE/TEXTURE.BOE/787_10_AIRFRAME_TAIL_ALBD.PNG.DDS",
      "size": 8388736,
      "date": 133205898457329632
    },
    {
      "path": "SimObjects/Airplanes/Kuro_B787_8-BOE/TEXTURE.BOE/787_10_AIRFRAME_TAIL_ALBD.PNG.DDS.json",
      "size": 102,
      "date": 133205898457339637
    },
    {
      "path": "SimObjects/Airplanes/Kuro_B787_8-BOE/TEXTURE.BOE/787_8_AIRFRAME_LIVERYDECALS_ALBD.PNG.DDS",
      "size": 640,
      "date": 133205898457349639
    },
    {
      "path": "SimObjects/Airplanes/Kuro_B787_8-BOE/TEXTURE.BOE/787_8_AIRFRAME_LIVERYDECALS_ALBD.PNG.DDS.json",
      "size": 119,
      "date": 133205898457370437
    },
    {
      "path": "SimObjects/Airplanes/Kuro_B787_8-BOE/TEXTURE.BOE/texture.CFG",
      "size": 363,
      "date": 133205898457379648
    },
    {
      "path": "SimObjects/Airplanes/Kuro_B787_8-BOE/TEXTURE.BOE/thumbnail.jpg",
      "size": 73870,
      "date": 133205898457399669
    },
    {
      "path": "SimObjects/Airplanes/Kuro_B787_8-BOE/TEXTURE.BOE/thumbnail_small.jpg",
      "size": 17846,
      "date": 133205898457419675
    },
    {
      "path": "SimObjects/Airplanes/Kuro_B787_8-ETH/aircraft.cfg",
      "size": 2027,
      "date": 133205898457439667
    },
    {
      "path": "SimObjects/Airplanes/Kuro_B787_8-ETH/panel.ETH/PANEL.CFG",
      "size": 471,
      "date": 133205898457459672
    },
    {
      "path": "SimObjects/Airplanes/Kuro_B787_8-ETH/TEXTURE.ETH/787_10_AIRFRAME_787_ALBD.PNG.DDS",
      "size": 4224,
      "date": 133205898457479686
    },
    {
      "path": "SimObjects/Airplanes/Kuro_B787_8-ETH/TEXTURE.ETH/787_10_AIRFRAME_787_ALBD.PNG.DDS.json",
      "size": 119,
      "date": 133205898457499689
    },
    {
      "path": "SimObjects/Airplanes/Kuro_B787_8-ETH/TEXTURE.ETH/787_10_AIRFRAME_FUSELAGE1_ALBD.PNG.DDS",
      "size": 8388736,
      "date": 133205898457889783
    },
    {
      "path": "SimObjects/Airplanes/Kuro_B787_8-ETH/TEXTURE.ETH/787_10_AIRFRAME_FUSELAGE1_ALBD.PNG.DDS.json",
      "size": 102,
      "date": 133205898457899768
    },
    {
      "path": "SimObjects/Airplanes/Kuro_B787_8-ETH/TEXTURE.ETH/787_10_AIRFRAME_FUSELAGE2_ALBD.PNG.DDS",
      "size": 8388736,
      "date": 133205898458259845
    },
    {
      "path": "SimObjects/Airplanes/Kuro_B787_8-ETH/TEXTURE.ETH/787_10_AIRFRAME_FUSELAGE2_ALBD.PNG.DDS.json",
      "size": 102,
      "date": 133205898458269857
    },
    {
      "path": "SimObjects/Airplanes/Kuro_B787_8-ETH/TEXTURE.ETH/787_10_AIRFRAME_LOD6_ALBD.PNG.DDS",
      "size": 1152,
      "date": 133205898458279868
    },
    {
      "path": "SimObjects/Airplanes/Kuro_B787_8-ETH/TEXTURE.ETH/787_10_AIRFRAME_LOD6_ALBD.PNG.DDS.json",
      "size": 102,
      "date": 133205898458289870
    },
    {
      "path": "SimObjects/Airplanes/Kuro_B787_8-ETH/TEXTURE.ETH/787_10_AIRFRAME_TAIL_ALBD.PNG.DDS",
      "size": 8388736,
      "date": 133205898458639937
    },
    {
      "path": "SimObjects/Airplanes/Kuro_B787_8-ETH/TEXTURE.ETH/787_10_AIRFRAME_TAIL_ALBD.PNG.DDS.json",
      "size": 102,
      "date": 133205898458659940
    },
    {
      "path": "SimObjects/Airplanes/Kuro_B787_8-ETH/TEXTURE.ETH/texture.CFG",
      "size": 363,
      "date": 133205898458669944
    },
    {
      "path": "SimObjects/Airplanes/Kuro_B787_8-ETH/TEXTURE.ETH/thumbnail.JPG",
      "size": 69594,
      "date": 133205898458679971
    },
    {
      "path": "SimObjects/Airplanes/Kuro_B787_8-ETH/TEXTURE.ETH/thumbnail_small.JPG",
      "size": 16344,
      "date": 133205898458699956
    },
    {
      "path": "SimObjects/Airplanes/Kuro_B787_8-JAL/aircraft.cfg",
      "size": 2019,
      "date": 133205898458719970
    },
    {
      "path": "SimObjects/Airplanes/Kuro_B787_8-JAL/model.JAL/B787.xml",
      "size": 12666,
      "date": 133205898458739956
    },
    {
      "path": "SimObjects/Airplanes/Kuro_B787_8-JAL/model.JAL/B787_lod1.bin",
      "size": 50620196,
      "date": 133205898464344423
    },
    {
      "path": "SimObjects/Airplanes/Kuro_B787_8-JAL/model.JAL/B787_lod1.gltf",
      "size": 1232155,
      "date": 133205898464424431
    },
    {
      "path": "SimObjects/Airplanes/Kuro_B787_8-JAL/model.JAL/B787_lod6.bin",
      "size": 30724,
      "date": 133205898464434448
    },
    {
      "path": "SimObjects/Airplanes/Kuro_B787_8-JAL/model.JAL/B787_lod6.gltf",
      "size": 9974,
      "date": 133205898464444443
    },
    {
      "path": "SimObjects/Airplanes/Kuro_B787_8-JAL/model.JAL/model.CFG",
      "size": 684,
      "date": 133205898464454449
    },
    {
      "path": "SimObjects/Airplanes/Kuro_B787_8-JAL/panel.JAL/PANEL.CFG",
      "size": 471,
      "date": 133205898464474450
    },
    {
      "path": "SimObjects/Airplanes/Kuro_B787_8-JAL/TEXTURE.JAL/787_10_AIRFRAME_787_ALBD.PNG.DDS",
      "size": 4224,
      "date": 133205898464484454
    },
    {
      "path": "SimObjects/Airplanes/Kuro_B787_8-JAL/TEXTURE.JAL/787_10_AIRFRAME_787_ALBD.PNG.DDS.json",
      "size": 119,
      "date": 133205898464494449
    },
    {
      "path": "SimObjects/Airplanes/Kuro_B787_8-JAL/TEXTURE.JAL/787_10_AIRFRAME_FUSELAGE1_ALBD.PNG.DDS",
      "size": 8388736,
      "date": 133205898464804517
    },
    {
      "path": "SimObjects/Airplanes/Kuro_B787_8-JAL/TEXTURE.JAL/787_10_AIRFRAME_FUSELAGE1_ALBD.PNG.DDS.json",
      "size": 102,
      "date": 133205898464815517
    },
    {
      "path": "SimObjects/Airplanes/Kuro_B787_8-JAL/TEXTURE.JAL/787_10_AIRFRAME_FUSELAGE2_ALBD.PNG.DDS",
      "size": 8388736,
      "date": 133205898465124602
    },
    {
      "path": "SimObjects/Airplanes/Kuro_B787_8-JAL/TEXTURE.JAL/787_10_AIRFRAME_FUSELAGE2_ALBD.PNG.DDS.json",
      "size": 102,
      "date": 133205898465144599
    },
    {
      "path": "SimObjects/Airplanes/Kuro_B787_8-JAL/TEXTURE.JAL/787_10_AIRFRAME_LOD6_ALBD.PNG.DDS",
      "size": 1152,
      "date": 133205898465154625
    },
    {
      "path": "SimObjects/Airplanes/Kuro_B787_8-JAL/TEXTURE.JAL/787_10_AIRFRAME_LOD6_ALBD.PNG.DDS.json",
      "size": 102,
      "date": 133205898465164609
    },
    {
      "path": "SimObjects/Airplanes/Kuro_B787_8-JAL/TEXTURE.JAL/787_10_AIRFRAME_TAIL_ALBD.PNG.DDS",
      "size": 8388736,
      "date": 133205898465524675
    },
    {
      "path": "SimObjects/Airplanes/Kuro_B787_8-JAL/TEXTURE.JAL/787_10_AIRFRAME_TAIL_ALBD.PNG.DDS.json",
      "size": 102,
      "date": 133205898465534675
    },
    {
      "path": "SimObjects/Airplanes/Kuro_B787_8-JAL/TEXTURE.JAL/787_8_AIRFRAME_LIVERYDECALS_ALBD.PNG.DDS",
      "size": 640,
      "date": 133205898465544674
    },
    {
      "path": "SimObjects/Airplanes/Kuro_B787_8-JAL/TEXTURE.JAL/787_8_AIRFRAME_LIVERYDECALS_ALBD.PNG.DDS.json",
      "size": 119,
      "date": 133205898465554679
    },
    {
      "path": "SimObjects/Airplanes/Kuro_B787_8-JAL/TEXTURE.JAL/texture.CFG",
      "size": 363,
      "date": 133205898465564683
    },
    {
      "path": "SimObjects/Airplanes/Kuro_B787_8-JAL/TEXTURE.JAL/thumbnail.JPG",
      "size": 67204,
      "date": 133205898465584688
    },
    {
      "path": "SimObjects/Airplanes/Kuro_B787_8-JAL/TEXTURE.JAL/thumbnail_small.JPG",
      "size": 16026,
      "date": 133205898465594691
    },
    {
      "path": "SimObjects/Airplanes/Kuro_B787_8-QTR/aircraft.cfg",
      "size": 2019,
      "date": 133205898465614700
    },
    {
      "path": "SimObjects/Airplanes/Kuro_B787_8-QTR/model.QTR/B787.xml",
      "size": 12666,
      "date": 133205898465634703
    },
    {
      "path": "SimObjects/Airplanes/Kuro_B787_8-QTR/model.QTR/B787_lod1.bin",
      "size": 50527344,
      "date": 133205898470895902
    },
    {
      "path": "SimObjects/Airplanes/Kuro_B787_8-QTR/model.QTR/B787_lod1.gltf",
      "size": 1234113,
      "date": 133205898470985913
    },
    {
      "path": "SimObjects/Airplanes/Kuro_B787_8-QTR/model.QTR/B787_lod6.bin",
      "size": 30724,
      "date": 133205898471005927
    },
    {
      "path": "SimObjects/Airplanes/Kuro_B787_8-QTR/model.QTR/B787_lod6.gltf",
      "size": 9974,
      "date": 133205898471015935
    },
    {
      "path": "SimObjects/Airplanes/Kuro_B787_8-QTR/model.QTR/model.CFG",
      "size": 684,
      "date": 133205898471025942
    },
    {
      "path": "SimObjects/Airplanes/Kuro_B787_8-QTR/panel.QTR/PANEL.CFG",
      "size": 471,
      "date": 133205898471045928
    },
    {
      "path": "SimObjects/Airplanes/Kuro_B787_8-QTR/TEXTURE.QTR/787_10_AIRFRAME_787_ALBD.PNG.DDS",
      "size": 4224,
      "date": 133205898471065932
    },
    {
      "path": "SimObjects/Airplanes/Kuro_B787_8-QTR/TEXTURE.QTR/787_10_AIRFRAME_787_ALBD.PNG.DDS.json",
      "size": 119,
      "date": 133205898471065932
    },
    {
      "path": "SimObjects/Airplanes/Kuro_B787_8-QTR/TEXTURE.QTR/787_10_AIRFRAME_ENGINE_ALBD.PNG.DDS",
      "size": 8388736,
      "date": 133205898471606071
    },
    {
      "path": "SimObjects/Airplanes/Kuro_B787_8-QTR/TEXTURE.QTR/787_10_AIRFRAME_ENGINE_ALBD.PNG.DDS.json",
      "size": 102,
      "date": 133205898471616059
    },
    {
      "path": "SimObjects/Airplanes/Kuro_B787_8-QTR/TEXTURE.QTR/787_10_AIRFRAME_FUSELAGE1_ALBD.PNG.DDS",
      "size": 67108992,
      "date": 133205898474311745
    },
    {
      "path": "SimObjects/Airplanes/Kuro_B787_8-QTR/TEXTURE.QTR/787_10_AIRFRAME_FUSELAGE1_ALBD.PNG.DDS.json",
      "size": 102,
      "date": 133205898474321757
    },
    {
      "path": "SimObjects/Airplanes/Kuro_B787_8-QTR/TEXTURE.QTR/787_10_AIRFRAME_FUSELAGE2_ALBD.PNG.DDS",
      "size": 67108992,
      "date": 133205898476842325
    },
    {
      "path": "SimObjects/Airplanes/Kuro_B787_8-QTR/TEXTURE.QTR/787_10_AIRFRAME_FUSELAGE2_ALBD.PNG.DDS.json",
      "size": 102,
      "date": 133205898476852332
    },
    {
      "path": "SimObjects/Airplanes/Kuro_B787_8-QTR/TEXTURE.QTR/787_10_AIRFRAME_LOD6_ALBD.PNG.DDS",
      "size": 1152,
      "date": 133205898476862318
    },
    {
      "path": "SimObjects/Airplanes/Kuro_B787_8-QTR/TEXTURE.QTR/787_10_AIRFRAME_LOD6_ALBD.PNG.DDS.json",
      "size": 102,
      "date": 133205898476872323
    },
    {
      "path": "SimObjects/Airplanes/Kuro_B787_8-QTR/TEXTURE.QTR/787_10_AIRFRAME_TAIL_ALBD.PNG.DDS",
      "size": 67108992,
      "date": 133205898479822995
    },
    {
      "path": "SimObjects/Airplanes/Kuro_B787_8-QTR/TEXTURE.QTR/787_10_AIRFRAME_TAIL_ALBD.PNG.DDS.json",
      "size": 102,
      "date": 133205898479833000
    },
    {
      "path": "SimObjects/Airplanes/Kuro_B787_8-QTR/TEXTURE.QTR/787_8_AIRFRAME_LIVERYDECALS_ALBD.PNG.DDS",
      "size": 640,
      "date": 133205898479843003
    },
    {
      "path": "SimObjects/Airplanes/Kuro_B787_8-QTR/TEXTURE.QTR/787_8_AIRFRAME_LIVERYDECALS_ALBD.PNG.DDS.json",
      "size": 119,
      "date": 133205898479852999
    },
    {
      "path": "SimObjects/Airplanes/Kuro_B787_8-QTR/TEXTURE.QTR/texture.CFG",
      "size": 363,
      "date": 133205898479862998
    },
    {
      "path": "SimObjects/Airplanes/Kuro_B787_8-QTR/TEXTURE.QTR/thumbnail.JPG",
      "size": 66152,
      "date": 133205898479883010
    },
    {
      "path": "SimObjects/Airplanes/Kuro_B787_8-QTR/TEXTURE.QTR/thumbnail_small.JPG",
      "size": 15759,
      "date": 133205898479893017
    },
    {
      "path": "SimObjects/Airplanes/Kuro_B787_8-UAL/aircraft.cfg",
      "size": 2046,
      "date": 133205898479913018
    },
    {
      "path": "SimObjects/Airplanes/Kuro_B787_8-UAL/panel.UAL/PANEL.CFG",
      "size": 471,
      "date": 133205898479933019
    },
    {
      "path": "SimObjects/Airplanes/Kuro_B787_8-UAL/TEXTURE.UAL/787_10_AIRFRAME_787_ALBD.PNG.DDS",
      "size": 4224,
      "date": 133205898479953020
    },
    {
      "path": "SimObjects/Airplanes/Kuro_B787_8-UAL/TEXTURE.UAL/787_10_AIRFRAME_787_ALBD.PNG.DDS.json",
      "size": 119,
      "date": 133205898479963023
    },
    {
      "path": "SimObjects/Airplanes/Kuro_B787_8-UAL/TEXTURE.UAL/787_10_AIRFRAME_ENGINE_ALBD.PNG.DDS",
      "size": 2097280,
      "date": 133205898480103051
    },
    {
      "path": "SimObjects/Airplanes/Kuro_B787_8-UAL/TEXTURE.UAL/787_10_AIRFRAME_ENGINE_ALBD.PNG.DDS.json",
      "size": 102,
      "date": 133205898480113060
    },
    {
      "path": "SimObjects/Airplanes/Kuro_B787_8-UAL/TEXTURE.UAL/787_10_AIRFRAME_FUSELAGE1_ALBD.PNG.DDS",
      "size": 8388736,
      "date": 133205898480413136
    },
    {
      "path": "SimObjects/Airplanes/Kuro_B787_8-UAL/TEXTURE.UAL/787_10_AIRFRAME_FUSELAGE1_ALBD.PNG.DDS.json",
      "size": 102,
      "date": 133205898480423124
    },
    {
      "path": "SimObjects/Airplanes/Kuro_B787_8-UAL/TEXTURE.UAL/787_10_AIRFRAME_FUSELAGE2_ALBD.PNG.DDS",
      "size": 8388736,
      "date": 133205898480743205
    },
    {
      "path": "SimObjects/Airplanes/Kuro_B787_8-UAL/TEXTURE.UAL/787_10_AIRFRAME_FUSELAGE2_ALBD.PNG.DDS.json",
      "size": 102,
      "date": 133205898480753197
    },
    {
      "path": "SimObjects/Airplanes/Kuro_B787_8-UAL/TEXTURE.UAL/787_10_AIRFRAME_LOD6_ALBD.PNG.DDS",
      "size": 1152,
      "date": 133205898480763215
    },
    {
      "path": "SimObjects/Airplanes/Kuro_B787_8-UAL/TEXTURE.UAL/787_10_AIRFRAME_LOD6_ALBD.PNG.DDS.json",
      "size": 102,
      "date": 133205898480773205
    },
    {
      "path": "SimObjects/Airplanes/Kuro_B787_8-UAL/TEXTURE.UAL/787_10_AIRFRAME_TAIL_ALBD.PNG.DDS",
      "size": 8388736,
      "date": 133205898481243312
    },
    {
      "path": "SimObjects/Airplanes/Kuro_B787_8-UAL/TEXTURE.UAL/787_10_AIRFRAME_TAIL_ALBD.PNG.DDS.json",
      "size": 102,
      "date": 133205898481253305
    },
    {
      "path": "SimObjects/Airplanes/Kuro_B787_8-UAL/TEXTURE.UAL/texture.CFG",
      "size": 363,
      "date": 133205898481263319
    },
    {
      "path": "SimObjects/Airplanes/Kuro_B787_8-UAL/TEXTURE.UAL/thumbnail.jpg",
      "size": 86816,
      "date": 133205898481343327
    },
    {
      "path": "SimObjects/Airplanes/Kuro_B787_8-UAL/TEXTURE.UAL/thumbnail_small.jpg",
      "size": 26513,
      "date": 133205898481363335
    }
  ]
}