{
  "content": [
    {
      "path": "Effects/LIGHT_ASOBO_BeaconBelly787.fx",
      "size": 1153,
      "date": 133205894449737208
    },
    {
      "path": "Effects/LIGHT_ASOBO_BeaconTop787.fx",
      "size": 1148,
      "date": 133205894449747216
    },
    {
      "path": "Effects/LIGHT_ASOBO_StrobeSimple_BOE.fx",
      "size": 1155,
      "date": 133205894449767222
    },
    {
      "path": "Effects/LIGHT_ASOBO_StrobeSimple_BOENAV.fx",
      "size": 1149,
      "date": 133205894449777217
    },
    {
      "path": "html_ui/Pages/VCockpit/Instruments/Airliners/Heavy-Division-B78XH-mod/FMC/B787_8_FMC.html",
      "size": 86122,
      "date": 133205895850379674
    },
    {
      "path": "html_ui/Pages/VCockpit/Instruments/Airliners/Heavy-Division-B78XH-mod/FMC/hdfmc8.js",
      "size": 847040,
      "date": 133205895850861373
    },
    {
      "path": "SimObjects/Airplanes/Kuro_B787_8/ai.cfg",
      "size": 777,
      "date": 133205894449887257
    },
    {
      "path": "SimObjects/Airplanes/Kuro_B787_8/aircraft.cfg",
      "size": 3372,
      "date": 133205895849851960
    },
    {
      "path": "SimObjects/Airplanes/Kuro_B787_8/aircraft.loc",
      "size": 16258,
      "date": 133205894449907265
    },
    {
      "path": "SimObjects/Airplanes/Kuro_B787_8/approach.flt",
      "size": 3606,
      "date": 133205894449917251
    },
    {
      "path": "SimObjects/Airplanes/Kuro_B787_8/apron.flt",
      "size": 3623,
      "date": 133205894449927261
    },
    {
      "path": "SimObjects/Airplanes/Kuro_B787_8/cameras.cfg",
      "size": 29246,
      "date": 133205894449947256
    },
    {
      "path": "SimObjects/Airplanes/Kuro_B787_8/Climb.flt",
      "size": 3609,
      "date": 133205894449957259
    },
    {
      "path": "SimObjects/Airplanes/Kuro_B787_8/cockpit.cfg",
      "size": 4643,
      "date": 133205894449967276
    },
    {
      "path": "SimObjects/Airplanes/Kuro_B787_8/Cruise.flt",
      "size": 3605,
      "date": 133205894449977262
    },
    {
      "path": "SimObjects/Airplanes/Kuro_B787_8/engines.cfg",
      "size": 11365,
      "date": 133205894449987258
    },
    {
      "path": "SimObjects/Airplanes/Kuro_B787_8/Final.flt",
      "size": 3608,
      "date": 133205894449997259
    },
    {
      "path": "SimObjects/Airplanes/Kuro_B787_8/flight_model.cfg",
      "size": 27207,
      "date": 133205894450007290
    },
    {
      "path": "SimObjects/Airplanes/Kuro_B787_8/gameplay.cfg",
      "size": 1118,
      "date": 133205894450017276
    },
    {
      "path": "SimObjects/Airplanes/Kuro_B787_8/hangar.flt",
      "size": 3453,
      "date": 133205894450027283
    },
    {
      "path": "SimObjects/Airplanes/Kuro_B787_8/Notice.txt",
      "size": 255,
      "date": 133205894455821779
    },
    {
      "path": "SimObjects/Airplanes/Kuro_B787_8/runway.FLT",
      "size": 3574,
      "date": 133205894455831781
    },
    {
      "path": "SimObjects/Airplanes/Kuro_B787_8/systems.cfg",
      "size": 19801,
      "date": 133205894455841784
    },
    {
      "path": "SimObjects/Airplanes/Kuro_B787_8/target_performance.cfg",
      "size": 1777,
      "date": 133205894455851788
    },
    {
      "path": "SimObjects/Airplanes/Kuro_B787_8/taxi.flt",
      "size": 3549,
      "date": 133205894455861788
    },
    {
      "path": "SimObjects/Airplanes/Kuro_B787_8/model/B787.xml",
      "size": 12663,
      "date": 133205895850916495
    },
    {
      "path": "SimObjects/Airplanes/Kuro_B787_8/model/B787_lod1.bin",
      "size": 50449052,
      "date": 133205894455681741
    },
    {
      "path": "SimObjects/Airplanes/Kuro_B787_8/model/B787_lod1.gltf",
      "size": 1226004,
      "date": 133205894455752803
    },
    {
      "path": "SimObjects/Airplanes/Kuro_B787_8/model/B787_lod6.bin",
      "size": 30724,
      "date": 133205894455781777
    },
    {
      "path": "SimObjects/Airplanes/Kuro_B787_8/model/B787_lod6.gltf",
      "size": 9974,
      "date": 133205894455801773
    },
    {
      "path": "SimObjects/Airplanes/Kuro_B787_8/model/model.CFG",
      "size": 695,
      "date": 133205895849871970
    },
    {
      "path": "SimObjects/Airplanes/Kuro_B787_8/TEXTURE/787_10_AIRFRAME_787_ALBD.PNG.DDS",
      "size": 4224,
      "date": 133205894455881792
    },
    {
      "path": "SimObjects/Airplanes/Kuro_B787_8/TEXTURE/787_10_AIRFRAME_787_ALBD.PNG.DDS.json",
      "size": 119,
      "date": 133205894455891797
    },
    {
      "path": "SimObjects/Airplanes/Kuro_B787_8/TEXTURE/787_10_AIRFRAME_DECALS2_ALBD.PNG.DDS",
      "size": 4194432,
      "date": 133205894456111850
    },
    {
      "path": "SimObjects/Airplanes/Kuro_B787_8/TEXTURE/787_10_AIRFRAME_DECALS2_ALBD.PNG.DDS.json",
      "size": 119,
      "date": 133205894456121856
    },
    {
      "path": "SimObjects/Airplanes/Kuro_B787_8/TEXTURE/787_10_AIRFRAME_LIVERY1_ALBD.PNG.DDS",
      "size": 16777344,
      "date": 133205894456822012
    },
    {
      "path": "SimObjects/Airplanes/Kuro_B787_8/TEXTURE/787_10_AIRFRAME_LIVERY1_ALBD.PNG.DDS.json",
      "size": 102,
      "date": 133205894456842030
    },
    {
      "path": "SimObjects/Airplanes/Kuro_B787_8/TEXTURE/787_10_AIRFRAME_LIVERY2_ALBD.PNG.DDS",
      "size": 4224,
      "date": 133205894456852018
    },
    {
      "path": "SimObjects/Airplanes/Kuro_B787_8/TEXTURE/787_10_AIRFRAME_LIVERY2_ALBD.PNG.DDS.json",
      "size": 119,
      "date": 133205894456872028
    },
    {
      "path": "SimObjects/Airplanes/Kuro_B787_8/TEXTURE/787_10_AIRFRAME_ENGINE_ALBD.PNG.DDS",
      "size": 2796344,
      "date": 133170466654123181
    },
    {
      "path": "SimObjects/Airplanes/Kuro_B787_8/TEXTURE/787_10_AIRFRAME_ENGINE_ALBD.PNG.DDS.json",
      "size": 102,
      "date": 133170466654133166
    },
    {
      "path": "SimObjects/Airplanes/Kuro_B787_8/TEXTURE/787_10_AIRFRAME_LOD6_ALBD.PNG.DDS",
      "size": 1152,
      "date": 133205894456882022
    },
    {
      "path": "SimObjects/Airplanes/Kuro_B787_8/TEXTURE/787_10_AIRFRAME_LOD6_ALBD.PNG.DDS.json",
      "size": 102,
      "date": 133205894456892020
    },
    {
      "path": "SimObjects/Airplanes/Kuro_B787_8/TEXTURE/787_10_COCKPIT_TEXTS1_ALBD.TIF.DDS",
      "size": 1048704,
      "date": 133205894456962035
    },
    {
      "path": "SimObjects/Airplanes/Kuro_B787_8/TEXTURE/787_10_COCKPIT_TEXTS1_ALBD.TIF.DDS.json",
      "size": 119,
      "date": 133205894456972040
    },
    {
      "path": "SimObjects/Airplanes/Kuro_B787_8/TEXTURE/787_10_COCKPIT_TEXTS1_EMIS.TIF.DDS",
      "size": 1048704,
      "date": 133205894457042053
    },
    {
      "path": "SimObjects/Airplanes/Kuro_B787_8/TEXTURE/787_10_COCKPIT_TEXTS1_EMIS.TIF.DDS.json",
      "size": 102,
      "date": 133205894457052057
    },
    {
      "path": "SimObjects/Airplanes/Kuro_B787_8/TEXTURE/787_8_COCKPIT_TEXTS1_ALBD.TIF.DDS",
      "size": 1048704,
      "date": 133205894457132076
    },
    {
      "path": "SimObjects/Airplanes/Kuro_B787_8/TEXTURE/787_8_COCKPIT_TEXTS1_ALBD.TIF.DDS.json",
      "size": 119,
      "date": 133205894457142078
    },
    {
      "path": "SimObjects/Airplanes/Kuro_B787_8/TEXTURE/787_8_COCKPIT_TEXTS1_EMIS.TIF.DDS",
      "size": 1048704,
      "date": 133205894457212093
    },
    {
      "path": "SimObjects/Airplanes/Kuro_B787_8/TEXTURE/787_8_COCKPIT_TEXTS1_EMIS.TIF.DDS.json",
      "size": 102,
      "date": 133205894457222093
    },
    {
      "path": "SimObjects/Airplanes/Kuro_B787_8/TEXTURE/LIVERY_KLM.PNG.DDS",
      "size": 4224,
      "date": 133205894457232098
    },
    {
      "path": "SimObjects/Airplanes/Kuro_B787_8/TEXTURE/LIVERY_KLM.PNG.DDS.json",
      "size": 119,
      "date": 133205894457232098
    },
    {
      "path": "SimObjects/Airplanes/Kuro_B787_8/TEXTURE/texture.CFG",
      "size": 376,
      "date": 133205895849881978
    },
    {
      "path": "SimObjects/Airplanes/Kuro_B787_8/TEXTURE/thumbnail.JPG",
      "size": 197475,
      "date": 133205894457262103
    },
    {
      "path": "SimObjects/Airplanes/Kuro_B787_8/TEXTURE/thumbnail_small.JPG",
      "size": 36681,
      "date": 133205894457282108
    },
    {
      "path": "SimObjects/Airplanes/Kuro_B787_8-AAL/aircraft.cfg",
      "size": 2024,
      "date": 133205894457302112
    },
    {
      "path": "SimObjects/Airplanes/Kuro_B787_8-AAL/panel.AAL/PANEL.CFG",
      "size": 505,
      "date": 133205895849901981
    },
    {
      "path": "SimObjects/Airplanes/Kuro_B787_8-AAL/TEXTURE.AAL/787_10_AIRFRAME_787_ALBD.PNG.DDS",
      "size": 4224,
      "date": 133205894457332119
    },
    {
      "path": "SimObjects/Airplanes/Kuro_B787_8-AAL/TEXTURE.AAL/787_10_AIRFRAME_787_ALBD.PNG.DDS.json",
      "size": 119,
      "date": 133205894457342125
    },
    {
      "path": "SimObjects/Airplanes/Kuro_B787_8-AAL/TEXTURE.AAL/787_10_AIRFRAME_ENGINE_ALBD.PNG.DDS",
      "size": 2097280,
      "date": 133205894457492153
    },
    {
      "path": "SimObjects/Airplanes/Kuro_B787_8-AAL/TEXTURE.AAL/787_10_AIRFRAME_ENGINE_ALBD.PNG.DDS.json",
      "size": 102,
      "date": 133205894457502160
    },
    {
      "path": "SimObjects/Airplanes/Kuro_B787_8-AAL/TEXTURE.AAL/787_10_AIRFRAME_FUSELAGE1_ALBD.PNG.DDS",
      "size": 8388736,
      "date": 133205894457822251
    },
    {
      "path": "SimObjects/Airplanes/Kuro_B787_8-AAL/TEXTURE.AAL/787_10_AIRFRAME_FUSELAGE1_ALBD.PNG.DDS.json",
      "size": 102,
      "date": 133205894457832243
    },
    {
      "path": "SimObjects/Airplanes/Kuro_B787_8-AAL/TEXTURE.AAL/787_10_AIRFRAME_FUSELAGE2_ALBD.PNG.DDS",
      "size": 8388736,
      "date": 133205894458142302
    },
    {
      "path": "SimObjects/Airplanes/Kuro_B787_8-AAL/TEXTURE.AAL/787_10_AIRFRAME_FUSELAGE2_ALBD.PNG.DDS.json",
      "size": 102,
      "date": 133205894458152304
    },
    {
      "path": "SimObjects/Airplanes/Kuro_B787_8-AAL/TEXTURE.AAL/787_10_AIRFRAME_LOD6_ALBD.PNG.DDS",
      "size": 1152,
      "date": 133205894458162308
    },
    {
      "path": "SimObjects/Airplanes/Kuro_B787_8-AAL/TEXTURE.AAL/787_10_AIRFRAME_LOD6_ALBD.PNG.DDS.json",
      "size": 102,
      "date": 133205894458172312
    },
    {
      "path": "SimObjects/Airplanes/Kuro_B787_8-AAL/TEXTURE.AAL/787_10_AIRFRAME_TAIL_ALBD.PNG.DDS",
      "size": 8388736,
      "date": 133205894458552396
    },
    {
      "path": "SimObjects/Airplanes/Kuro_B787_8-AAL/TEXTURE.AAL/787_10_AIRFRAME_TAIL_ALBD.PNG.DDS.json",
      "size": 102,
      "date": 133205894458572401
    },
    {
      "path": "SimObjects/Airplanes/Kuro_B787_8-AAL/TEXTURE.AAL/texture.CFG",
      "size": 414,
      "date": 133205895849911984
    },
    {
      "path": "SimObjects/Airplanes/Kuro_B787_8-AAL/TEXTURE.AAL/thumbnail.JPG",
      "size": 66803,
      "date": 133205894458592403
    },
    {
      "path": "SimObjects/Airplanes/Kuro_B787_8-AAL/TEXTURE.AAL/thumbnail_small.JPG",
      "size": 15862,
      "date": 133205894458612441
    },
    {
      "path": "SimObjects/Airplanes/Kuro_B787_8-ACA/aircraft.cfg",
      "size": 2033,
      "date": 133205894458632412
    },
    {
      "path": "SimObjects/Airplanes/Kuro_B787_8-ACA/model.ACA/B787.xml",
      "size": 12663,
      "date": 133205895850936340
    },
    {
      "path": "SimObjects/Airplanes/Kuro_B787_8-ACA/model.ACA/B787_lod1.bin",
      "size": 50516344,
      "date": 133205894464167044
    },
    {
      "path": "SimObjects/Airplanes/Kuro_B787_8-ACA/model.ACA/B787_lod1.gltf",
      "size": 1232139,
      "date": 133205894464247056
    },
    {
      "path": "SimObjects/Airplanes/Kuro_B787_8-ACA/model.ACA/B787_lod6.bin",
      "size": 30724,
      "date": 133205894464277074
    },
    {
      "path": "SimObjects/Airplanes/Kuro_B787_8-ACA/model.ACA/B787_lod6.gltf",
      "size": 9974,
      "date": 133205894464287081
    },
    {
      "path": "SimObjects/Airplanes/Kuro_B787_8-ACA/model.ACA/model.CFG",
      "size": 695,
      "date": 133205895849931989
    },
    {
      "path": "SimObjects/Airplanes/Kuro_B787_8-ACA/panel.ACA/PANEL.CFG",
      "size": 505,
      "date": 133205895849942000
    },
    {
      "path": "SimObjects/Airplanes/Kuro_B787_8-ACA/TEXTURE.ACA/787_10_AIRFRAME_787_ALBD.PNG.DDS",
      "size": 4224,
      "date": 133205894464347085
    },
    {
      "path": "SimObjects/Airplanes/Kuro_B787_8-ACA/TEXTURE.ACA/787_10_AIRFRAME_787_ALBD.PNG.DDS.json",
      "size": 119,
      "date": 133205894464347085
    },
    {
      "path": "SimObjects/Airplanes/Kuro_B787_8-ACA/TEXTURE.ACA/787_10_AIRFRAME_ENGINE_ALBD.PNG.DDS",
      "size": 2097280,
      "date": 133205894464487154
    },
    {
      "path": "SimObjects/Airplanes/Kuro_B787_8-ACA/TEXTURE.ACA/787_10_AIRFRAME_ENGINE_ALBD.PNG.DDS.json",
      "size": 102,
      "date": 133205894464497129
    },
    {
      "path": "SimObjects/Airplanes/Kuro_B787_8-ACA/TEXTURE.ACA/787_10_AIRFRAME_FUSELAGE1_ALBD.PNG.DDS",
      "size": 8388736,
      "date": 133205894464837192
    },
    {
      "path": "SimObjects/Airplanes/Kuro_B787_8-ACA/TEXTURE.ACA/787_10_AIRFRAME_FUSELAGE1_ALBD.PNG.DDS.json",
      "size": 102,
      "date": 133205894464847218
    },
    {
      "path": "SimObjects/Airplanes/Kuro_B787_8-ACA/TEXTURE.ACA/787_10_AIRFRAME_FUSELAGE2_ALBD.PNG.DDS",
      "size": 8388736,
      "date": 133205894465157282
    },
    {
      "path": "SimObjects/Airplanes/Kuro_B787_8-ACA/TEXTURE.ACA/787_10_AIRFRAME_FUSELAGE2_ALBD.PNG.DDS.json",
      "size": 102,
      "date": 133205894465167288
    },
    {
      "path": "SimObjects/Airplanes/Kuro_B787_8-ACA/TEXTURE.ACA/787_10_AIRFRAME_LOD6_ALBD.PNG.DDS",
      "size": 1152,
      "date": 133205894465177288
    },
    {
      "path": "SimObjects/Airplanes/Kuro_B787_8-ACA/TEXTURE.ACA/787_10_AIRFRAME_LOD6_ALBD.PNG.DDS.json",
      "size": 102,
      "date": 133205894465187275
    },
    {
      "path": "SimObjects/Airplanes/Kuro_B787_8-ACA/TEXTURE.ACA/787_10_AIRFRAME_TAIL_ALBD.PNG.DDS",
      "size": 8388736,
      "date": 133205894465497360
    },
    {
      "path": "SimObjects/Airplanes/Kuro_B787_8-ACA/TEXTURE.ACA/787_10_AIRFRAME_TAIL_ALBD.PNG.DDS.json",
      "size": 102,
      "date": 133205894465507352
    },
    {
      "path": "SimObjects/Airplanes/Kuro_B787_8-ACA/TEXTURE.ACA/787_8_AIRFRAME_LIVERYDECALS_ALBD.PNG.DDS",
      "size": 640,
      "date": 133205894465517356
    },
    {
      "path": "SimObjects/Airplanes/Kuro_B787_8-ACA/TEXTURE.ACA/787_8_AIRFRAME_LIVERYDECALS_ALBD.PNG.DDS.json",
      "size": 119,
      "date": 133205894465527365
    },
    {
      "path": "SimObjects/Airplanes/Kuro_B787_8-ACA/TEXTURE.ACA/texture.CFG",
      "size": 414,
      "date": 133205895849951980
    },
    {
      "path": "SimObjects/Airplanes/Kuro_B787_8-ACA/TEXTURE.ACA/thumbnail.JPG",
      "size": 82797,
      "date": 133205894465557359
    },
    {
      "path": "SimObjects/Airplanes/Kuro_B787_8-ACA/TEXTURE.ACA/thumbnail_small.JPG",
      "size": 25490,
      "date": 133205894465567376
    },
    {
      "path": "SimObjects/Airplanes/Kuro_B787_8-ANA/aircraft.cfg",
      "size": 2020,
      "date": 133205894465597367
    },
    {
      "path": "SimObjects/Airplanes/Kuro_B787_8-ANA/model.ANA/B787.xml",
      "size": 12663,
      "date": 133205895850951674
    },
    {
      "path": "SimObjects/Airplanes/Kuro_B787_8-ANA/model.ANA/B787_lod1.bin",
      "size": 50623956,
      "date": 133205894471374374
    },
    {
      "path": "SimObjects/Airplanes/Kuro_B787_8-ANA/model.ANA/B787_lod1.gltf",
      "size": 1232140,
      "date": 133205894471484401
    },
    {
      "path": "SimObjects/Airplanes/Kuro_B787_8-ANA/model.ANA/B787_lod6.bin",
      "size": 30724,
      "date": 133205894471514407
    },
    {
      "path": "SimObjects/Airplanes/Kuro_B787_8-ANA/model.ANA/B787_lod6.gltf",
      "size": 9974,
      "date": 133205894471524425
    },
    {
      "path": "SimObjects/Airplanes/Kuro_B787_8-ANA/model.ANA/model.CFG",
      "size": 695,
      "date": 133205895849971995
    },
    {
      "path": "SimObjects/Airplanes/Kuro_B787_8-ANA/panel.ANA/PANEL.CFG",
      "size": 505,
      "date": 133205895849982003
    },
    {
      "path": "SimObjects/Airplanes/Kuro_B787_8-ANA/TEXTURE.ANA/787_10_AIRFRAME_787_ALBD.PNG.DDS",
      "size": 4224,
      "date": 133205894471584423
    },
    {
      "path": "SimObjects/Airplanes/Kuro_B787_8-ANA/TEXTURE.ANA/787_10_AIRFRAME_787_ALBD.PNG.DDS.json",
      "size": 119,
      "date": 133205894471594450
    },
    {
      "path": "SimObjects/Airplanes/Kuro_B787_8-ANA/TEXTURE.ANA/787_10_AIRFRAME_FUSELAGE1_ALBD.PNG.DDS",
      "size": 8388736,
      "date": 133205894472054539
    },
    {
      "path": "SimObjects/Airplanes/Kuro_B787_8-ANA/TEXTURE.ANA/787_10_AIRFRAME_FUSELAGE1_ALBD.PNG.DDS.json",
      "size": 102,
      "date": 133205894472074542
    },
    {
      "path": "SimObjects/Airplanes/Kuro_B787_8-ANA/TEXTURE.ANA/787_10_AIRFRAME_FUSELAGE2_ALBD.PNG.DDS",
      "size": 8388736,
      "date": 133205894472514648
    },
    {
      "path": "SimObjects/Airplanes/Kuro_B787_8-ANA/TEXTURE.ANA/787_10_AIRFRAME_FUSELAGE2_ALBD.PNG.DDS.json",
      "size": 102,
      "date": 133205894472524655
    },
    {
      "path": "SimObjects/Airplanes/Kuro_B787_8-ANA/TEXTURE.ANA/787_10_AIRFRAME_LIVERY1_ALBD.PNG.DDS",
      "size": 2097280,
      "date": 133205894472634662
    },
    {
      "path": "SimObjects/Airplanes/Kuro_B787_8-ANA/TEXTURE.ANA/787_10_AIRFRAME_LIVERY1_ALBD.PNG.DDS.json",
      "size": 102,
      "date": 133205894472644667
    },
    {
      "path": "SimObjects/Airplanes/Kuro_B787_8-ANA/TEXTURE.ANA/787_10_AIRFRAME_LIVERY2_ALBD.PNG.DDS",
      "size": 4224,
      "date": 133205894472660035
    },
    {
      "path": "SimObjects/Airplanes/Kuro_B787_8-ANA/TEXTURE.ANA/787_10_AIRFRAME_LIVERY2_ALBD.PNG.DDS.json",
      "size": 119,
      "date": 133205894472669793
    },
    {
      "path": "SimObjects/Airplanes/Kuro_B787_8-ANA/TEXTURE.ANA/787_10_AIRFRAME_LOD6_ALBD.PNG.DDS",
      "size": 1152,
      "date": 133205894472679771
    },
    {
      "path": "SimObjects/Airplanes/Kuro_B787_8-ANA/TEXTURE.ANA/787_10_AIRFRAME_LOD6_ALBD.PNG.DDS.json",
      "size": 102,
      "date": 133205894472689798
    },
    {
      "path": "SimObjects/Airplanes/Kuro_B787_8-ANA/TEXTURE.ANA/787_10_AIRFRAME_TAIL_ALBD.PNG.DDS",
      "size": 8388736,
      "date": 133205894473106900
    },
    {
      "path": "SimObjects/Airplanes/Kuro_B787_8-ANA/TEXTURE.ANA/787_10_AIRFRAME_TAIL_ALBD.PNG.DDS.json",
      "size": 102,
      "date": 133205894473116888
    },
    {
      "path": "SimObjects/Airplanes/Kuro_B787_8-ANA/TEXTURE.ANA/787_8_AIRFRAME_LIVERYDECALS_ALBD.PNG.DDS",
      "size": 640,
      "date": 133205894473146920
    },
    {
      "path": "SimObjects/Airplanes/Kuro_B787_8-ANA/TEXTURE.ANA/787_8_AIRFRAME_LIVERYDECALS_ALBD.PNG.DDS.json",
      "size": 119,
      "date": 133205894473156896
    },
    {
      "path": "SimObjects/Airplanes/Kuro_B787_8-ANA/TEXTURE.ANA/texture.CFG",
      "size": 414,
      "date": 133205895849991997
    },
    {
      "path": "SimObjects/Airplanes/Kuro_B787_8-ANA/TEXTURE.ANA/thumbnail.JPG",
      "size": 69026,
      "date": 133205894473217309
    },
    {
      "path": "SimObjects/Airplanes/Kuro_B787_8-ANA/TEXTURE.ANA/thumbnail_small.JPG",
      "size": 16331,
      "date": 133205894473227070
    },
    {
      "path": "SimObjects/Airplanes/Kuro_B787_8-AVA/aircraft.cfg",
      "size": 2021,
      "date": 133205894473257091
    },
    {
      "path": "SimObjects/Airplanes/Kuro_B787_8-AVA/panel.AVA/PANEL.CFG",
      "size": 505,
      "date": 133205895850012013
    },
    {
      "path": "SimObjects/Airplanes/Kuro_B787_8-AVA/TEXTURE.AVA/787_10_AIRFRAME_787_ALBD.PNG.DDS",
      "size": 4224,
      "date": 133205894473297674
    },
    {
      "path": "SimObjects/Airplanes/Kuro_B787_8-AVA/TEXTURE.AVA/787_10_AIRFRAME_787_ALBD.PNG.DDS.json",
      "size": 119,
      "date": 133205894473317667
    },
    {
      "path": "SimObjects/Airplanes/Kuro_B787_8-AVA/TEXTURE.AVA/787_10_AIRFRAME_ENGINE_ALBD.PNG.DDS",
      "size": 2097280,
      "date": 133205894473490143
    },
    {
      "path": "SimObjects/Airplanes/Kuro_B787_8-AVA/TEXTURE.AVA/787_10_AIRFRAME_ENGINE_ALBD.PNG.DDS.json",
      "size": 102,
      "date": 133205894473500143
    },
    {
      "path": "SimObjects/Airplanes/Kuro_B787_8-AVA/TEXTURE.AVA/787_10_AIRFRAME_FUSELAGE1_ALBD.PNG.DDS",
      "size": 8388736,
      "date": 133205894473910248
    },
    {
      "path": "SimObjects/Airplanes/Kuro_B787_8-AVA/TEXTURE.AVA/787_10_AIRFRAME_FUSELAGE1_ALBD.PNG.DDS.json",
      "size": 102,
      "date": 133205894473920233
    },
    {
      "path": "SimObjects/Airplanes/Kuro_B787_8-AVA/TEXTURE.AVA/787_10_AIRFRAME_FUSELAGE2_ALBD.PNG.DDS",
      "size": 8388736,
      "date": 133205894474400336
    },
    {
      "path": "SimObjects/Airplanes/Kuro_B787_8-AVA/TEXTURE.AVA/787_10_AIRFRAME_FUSELAGE2_ALBD.PNG.DDS.json",
      "size": 102,
      "date": 133205894474410343
    },
    {
      "path": "SimObjects/Airplanes/Kuro_B787_8-AVA/TEXTURE.AVA/787_10_AIRFRAME_LOD6_ALBD.PNG.DDS",
      "size": 1152,
      "date": 133205894474420338
    },
    {
      "path": "SimObjects/Airplanes/Kuro_B787_8-AVA/TEXTURE.AVA/787_10_AIRFRAME_LOD6_ALBD.PNG.DDS.json",
      "size": 102,
      "date": 133205894474440349
    },
    {
      "path": "SimObjects/Airplanes/Kuro_B787_8-AVA/TEXTURE.AVA/787_10_AIRFRAME_TAIL_ALBD.PNG.DDS",
      "size": 8388736,
      "date": 133205894474881048
    },
    {
      "path": "SimObjects/Airplanes/Kuro_B787_8-AVA/TEXTURE.AVA/787_10_AIRFRAME_TAIL_ALBD.PNG.DDS.json",
      "size": 102,
      "date": 133205894474901052
    },
    {
      "path": "SimObjects/Airplanes/Kuro_B787_8-AVA/TEXTURE.AVA/texture.CFG",
      "size": 414,
      "date": 133205895850021999
    },
    {
      "path": "SimObjects/Airplanes/Kuro_B787_8-AVA/TEXTURE.AVA/thumbnail.jpg",
      "size": 67747,
      "date": 133205894474931056
    },
    {
      "path": "SimObjects/Airplanes/Kuro_B787_8-AVA/TEXTURE.AVA/thumbnail_small.jpg",
      "size": 16172,
      "date": 133205894474941058
    },
    {
      "path": "SimObjects/Airplanes/Kuro_B787_8-BAW/aircraft.cfg",
      "size": 2039,
      "date": 133205894474971064
    },
    {
      "path": "SimObjects/Airplanes/Kuro_B787_8-BAW/panel.BAW/PANEL.CFG",
      "size": 505,
      "date": 133205895850042012
    },
    {
      "path": "SimObjects/Airplanes/Kuro_B787_8-BAW/TEXTURE.BAW/787_10_AIRFRAME_787_ALBD.PNG.DDS",
      "size": 4224,
      "date": 133205894475011083
    },
    {
      "path": "SimObjects/Airplanes/Kuro_B787_8-BAW/TEXTURE.BAW/787_10_AIRFRAME_787_ALBD.PNG.DDS.json",
      "size": 119,
      "date": 133205894475021087
    },
    {
      "path": "SimObjects/Airplanes/Kuro_B787_8-BAW/TEXTURE.BAW/787_10_AIRFRAME_ENGINE_ALBD.PNG.DDS",
      "size": 2097280,
      "date": 133205894475151145
    },
    {
      "path": "SimObjects/Airplanes/Kuro_B787_8-BAW/TEXTURE.BAW/787_10_AIRFRAME_ENGINE_ALBD.PNG.DDS.json",
      "size": 102,
      "date": 133205894475161148
    },
    {
      "path": "SimObjects/Airplanes/Kuro_B787_8-BAW/TEXTURE.BAW/787_10_AIRFRAME_FUSELAGE1_ALBD.PNG.DDS",
      "size": 8388736,
      "date": 133205894475541197
    },
    {
      "path": "SimObjects/Airplanes/Kuro_B787_8-BAW/TEXTURE.BAW/787_10_AIRFRAME_FUSELAGE1_ALBD.PNG.DDS.json",
      "size": 102,
      "date": 133205894475561219
    },
    {
      "path": "SimObjects/Airplanes/Kuro_B787_8-BAW/TEXTURE.BAW/787_10_AIRFRAME_FUSELAGE2_ALBD.PNG.DDS",
      "size": 8388736,
      "date": 133205894475885659
    },
    {
      "path": "SimObjects/Airplanes/Kuro_B787_8-BAW/TEXTURE.BAW/787_10_AIRFRAME_FUSELAGE2_ALBD.PNG.DDS.json",
      "size": 102,
      "date": 133205894475895643
    },
    {
      "path": "SimObjects/Airplanes/Kuro_B787_8-BAW/TEXTURE.BAW/787_10_AIRFRAME_LOD6_ALBD.PNG.DDS",
      "size": 1152,
      "date": 133205894475915664
    },
    {
      "path": "SimObjects/Airplanes/Kuro_B787_8-BAW/TEXTURE.BAW/787_10_AIRFRAME_LOD6_ALBD.PNG.DDS.json",
      "size": 102,
      "date": 133205894475926092
    },
    {
      "path": "SimObjects/Airplanes/Kuro_B787_8-BAW/TEXTURE.BAW/787_10_AIRFRAME_TAIL_ALBD.PNG.DDS",
      "size": 8388736,
      "date": 133205894476325754
    },
    {
      "path": "SimObjects/Airplanes/Kuro_B787_8-BAW/TEXTURE.BAW/787_10_AIRFRAME_TAIL_ALBD.PNG.DDS.json",
      "size": 102,
      "date": 133205894476335743
    },
    {
      "path": "SimObjects/Airplanes/Kuro_B787_8-BAW/TEXTURE.BAW/texture.CFG",
      "size": 414,
      "date": 133205895850052009
    },
    {
      "path": "SimObjects/Airplanes/Kuro_B787_8-BAW/TEXTURE.BAW/thumbnail.JPG",
      "size": 68851,
      "date": 133205894476375764
    },
    {
      "path": "SimObjects/Airplanes/Kuro_B787_8-BAW/TEXTURE.BAW/thumbnail_small.JPG",
      "size": 16438,
      "date": 133205894476385765
    },
    {
      "path": "SimObjects/Airplanes/Kuro_B787_8-BOE/aircraft.cfg",
      "size": 2034,
      "date": 133205894476405759
    },
    {
      "path": "SimObjects/Airplanes/Kuro_B787_8-BOE/model.BOE/B787.xml",
      "size": 12663,
      "date": 133205895850981475
    },
    {
      "path": "SimObjects/Airplanes/Kuro_B787_8-BOE/model.BOE/B787_lod1.bin",
      "size": 50546176,
      "date": 133205894481847446
    },
    {
      "path": "SimObjects/Airplanes/Kuro_B787_8-BOE/model.BOE/B787_lod1.gltf",
      "size": 1232145,
      "date": 133205894481937459
    },
    {
      "path": "SimObjects/Airplanes/Kuro_B787_8-BOE/model.BOE/B787_lod6.bin",
      "size": 30724,
      "date": 133205894481957457
    },
    {
      "path": "SimObjects/Airplanes/Kuro_B787_8-BOE/model.BOE/B787_lod6.gltf",
      "size": 9974,
      "date": 133205894481967473
    },
    {
      "path": "SimObjects/Airplanes/Kuro_B787_8-BOE/model.BOE/model.CFG",
      "size": 695,
      "date": 133205895850072015
    },
    {
      "path": "SimObjects/Airplanes/Kuro_B787_8-BOE/panel.BOE/PANEL.CFG",
      "size": 505,
      "date": 133205895850082028
    },
    {
      "path": "SimObjects/Airplanes/Kuro_B787_8-BOE/TEXTURE.BOE/787_10_AIRFRAME_787_ALBD.PNG.DDS",
      "size": 4224,
      "date": 133205894482017475
    },
    {
      "path": "SimObjects/Airplanes/Kuro_B787_8-BOE/TEXTURE.BOE/787_10_AIRFRAME_787_ALBD.PNG.DDS.json",
      "size": 119,
      "date": 133205894482027472
    },
    {
      "path": "SimObjects/Airplanes/Kuro_B787_8-BOE/TEXTURE.BOE/787_10_AIRFRAME_FUSELAGE1_ALBD.PNG.DDS",
      "size": 8388736,
      "date": 133205894482377549
    },
    {
      "path": "SimObjects/Airplanes/Kuro_B787_8-BOE/TEXTURE.BOE/787_10_AIRFRAME_FUSELAGE1_ALBD.PNG.DDS.json",
      "size": 102,
      "date": 133205894482387567
    },
    {
      "path": "SimObjects/Airplanes/Kuro_B787_8-BOE/TEXTURE.BOE/787_10_AIRFRAME_FUSELAGE2_ALBD.PNG.DDS",
      "size": 8388736,
      "date": 133205894482757637
    },
    {
      "path": "SimObjects/Airplanes/Kuro_B787_8-BOE/TEXTURE.BOE/787_10_AIRFRAME_FUSELAGE2_ALBD.PNG.DDS.json",
      "size": 102,
      "date": 133205894482767654
    },
    {
      "path": "SimObjects/Airplanes/Kuro_B787_8-BOE/TEXTURE.BOE/787_10_AIRFRAME_LOD6_ALBD.PNG.DDS",
      "size": 1152,
      "date": 133205894482777635
    },
    {
      "path": "SimObjects/Airplanes/Kuro_B787_8-BOE/TEXTURE.BOE/787_10_AIRFRAME_LOD6_ALBD.PNG.DDS.json",
      "size": 102,
      "date": 133205894482787636
    },
    {
      "path": "SimObjects/Airplanes/Kuro_B787_8-BOE/TEXTURE.BOE/787_10_AIRFRAME_TAIL_ALBD.PNG.DDS",
      "size": 8388736,
      "date": 133205894483147714
    },
    {
      "path": "SimObjects/Airplanes/Kuro_B787_8-BOE/TEXTURE.BOE/787_10_AIRFRAME_TAIL_ALBD.PNG.DDS.json",
      "size": 102,
      "date": 133205894483157717
    },
    {
      "path": "SimObjects/Airplanes/Kuro_B787_8-BOE/TEXTURE.BOE/787_8_AIRFRAME_LIVERYDECALS_ALBD.PNG.DDS",
      "size": 640,
      "date": 133205894483167720
    },
    {
      "path": "SimObjects/Airplanes/Kuro_B787_8-BOE/TEXTURE.BOE/787_8_AIRFRAME_LIVERYDECALS_ALBD.PNG.DDS.json",
      "size": 119,
      "date": 133205894483177721
    },
    {
      "path": "SimObjects/Airplanes/Kuro_B787_8-BOE/TEXTURE.BOE/texture.CFG",
      "size": 414,
      "date": 133205895850102015
    },
    {
      "path": "SimObjects/Airplanes/Kuro_B787_8-BOE/TEXTURE.BOE/thumbnail.jpg",
      "size": 73870,
      "date": 133205894483207730
    },
    {
      "path": "SimObjects/Airplanes/Kuro_B787_8-BOE/TEXTURE.BOE/thumbnail_small.jpg",
      "size": 17846,
      "date": 133205894483217732
    },
    {
      "path": "SimObjects/Airplanes/Kuro_B787_8-ETH/aircraft.cfg",
      "size": 2027,
      "date": 133205894483237744
    },
    {
      "path": "SimObjects/Airplanes/Kuro_B787_8-ETH/panel.ETH/PANEL.CFG",
      "size": 505,
      "date": 133205895850112024
    },
    {
      "path": "SimObjects/Airplanes/Kuro_B787_8-ETH/TEXTURE.ETH/787_10_AIRFRAME_787_ALBD.PNG.DDS",
      "size": 4224,
      "date": 133205894483277754
    },
    {
      "path": "SimObjects/Airplanes/Kuro_B787_8-ETH/TEXTURE.ETH/787_10_AIRFRAME_787_ALBD.PNG.DDS.json",
      "size": 119,
      "date": 133205894483287755
    },
    {
      "path": "SimObjects/Airplanes/Kuro_B787_8-ETH/TEXTURE.ETH/787_10_AIRFRAME_FUSELAGE1_ALBD.PNG.DDS",
      "size": 8388736,
      "date": 133205894483627846
    },
    {
      "path": "SimObjects/Airplanes/Kuro_B787_8-ETH/TEXTURE.ETH/787_10_AIRFRAME_FUSELAGE1_ALBD.PNG.DDS.json",
      "size": 102,
      "date": 133205894483637836
    },
    {
      "path": "SimObjects/Airplanes/Kuro_B787_8-ETH/TEXTURE.ETH/787_10_AIRFRAME_FUSELAGE2_ALBD.PNG.DDS",
      "size": 8388736,
      "date": 133205894483967901
    },
    {
      "path": "SimObjects/Airplanes/Kuro_B787_8-ETH/TEXTURE.ETH/787_10_AIRFRAME_FUSELAGE2_ALBD.PNG.DDS.json",
      "size": 102,
      "date": 133205894483977902
    },
    {
      "path": "SimObjects/Airplanes/Kuro_B787_8-ETH/TEXTURE.ETH/787_10_AIRFRAME_LOD6_ALBD.PNG.DDS",
      "size": 1152,
      "date": 133205894483987906
    },
    {
      "path": "SimObjects/Airplanes/Kuro_B787_8-ETH/TEXTURE.ETH/787_10_AIRFRAME_LOD6_ALBD.PNG.DDS.json",
      "size": 102,
      "date": 133205894483997908
    },
    {
      "path": "SimObjects/Airplanes/Kuro_B787_8-ETH/TEXTURE.ETH/787_10_AIRFRAME_TAIL_ALBD.PNG.DDS",
      "size": 8388736,
      "date": 133205894484318004
    },
    {
      "path": "SimObjects/Airplanes/Kuro_B787_8-ETH/TEXTURE.ETH/787_10_AIRFRAME_TAIL_ALBD.PNG.DDS.json",
      "size": 102,
      "date": 133205894484328003
    },
    {
      "path": "SimObjects/Airplanes/Kuro_B787_8-ETH/TEXTURE.ETH/texture.CFG",
      "size": 414,
      "date": 133205895850132031
    },
    {
      "path": "SimObjects/Airplanes/Kuro_B787_8-ETH/TEXTURE.ETH/thumbnail.JPG",
      "size": 69594,
      "date": 133205894484357999
    },
    {
      "path": "SimObjects/Airplanes/Kuro_B787_8-ETH/TEXTURE.ETH/thumbnail_small.JPG",
      "size": 16344,
      "date": 133205894484378009
    },
    {
      "path": "SimObjects/Airplanes/Kuro_B787_8-JAL/aircraft.cfg",
      "size": 2019,
      "date": 133205894484398025
    },
    {
      "path": "SimObjects/Airplanes/Kuro_B787_8-JAL/model.JAL/B787.xml",
      "size": 12663,
      "date": 133205895851001725
    },
    {
      "path": "SimObjects/Airplanes/Kuro_B787_8-JAL/model.JAL/B787_lod1.bin",
      "size": 50620196,
      "date": 133205894490260877
    },
    {
      "path": "SimObjects/Airplanes/Kuro_B787_8-JAL/model.JAL/B787_lod1.gltf",
      "size": 1232155,
      "date": 133205894490360873
    },
    {
      "path": "SimObjects/Airplanes/Kuro_B787_8-JAL/model.JAL/B787_lod6.bin",
      "size": 30724,
      "date": 133205894490380878
    },
    {
      "path": "SimObjects/Airplanes/Kuro_B787_8-JAL/model.JAL/B787_lod6.gltf",
      "size": 9974,
      "date": 133205894490390896
    },
    {
      "path": "SimObjects/Airplanes/Kuro_B787_8-JAL/model.JAL/model.CFG",
      "size": 695,
      "date": 133205895850142035
    },
    {
      "path": "SimObjects/Airplanes/Kuro_B787_8-JAL/panel.JAL/PANEL.CFG",
      "size": 505,
      "date": 133205895850152038
    },
    {
      "path": "SimObjects/Airplanes/Kuro_B787_8-JAL/TEXTURE.JAL/787_10_AIRFRAME_787_ALBD.PNG.DDS",
      "size": 4224,
      "date": 133205894490440895
    },
    {
      "path": "SimObjects/Airplanes/Kuro_B787_8-JAL/TEXTURE.JAL/787_10_AIRFRAME_787_ALBD.PNG.DDS.json",
      "size": 119,
      "date": 133205894490450896
    },
    {
      "path": "SimObjects/Airplanes/Kuro_B787_8-JAL/TEXTURE.JAL/787_10_AIRFRAME_FUSELAGE1_ALBD.PNG.DDS",
      "size": 8388736,
      "date": 133205894490840983
    },
    {
      "path": "SimObjects/Airplanes/Kuro_B787_8-JAL/TEXTURE.JAL/787_10_AIRFRAME_FUSELAGE1_ALBD.PNG.DDS.json",
      "size": 102,
      "date": 133205894490850985
    },
    {
      "path": "SimObjects/Airplanes/Kuro_B787_8-JAL/TEXTURE.JAL/787_10_AIRFRAME_FUSELAGE2_ALBD.PNG.DDS",
      "size": 8388736,
      "date": 133205894491266135
    },
    {
      "path": "SimObjects/Airplanes/Kuro_B787_8-JAL/TEXTURE.JAL/787_10_AIRFRAME_FUSELAGE2_ALBD.PNG.DDS.json",
      "size": 102,
      "date": 133205894491276143
    },
    {
      "path": "SimObjects/Airplanes/Kuro_B787_8-JAL/TEXTURE.JAL/787_10_AIRFRAME_LOD6_ALBD.PNG.DDS",
      "size": 1152,
      "date": 133205894491296154
    },
    {
      "path": "SimObjects/Airplanes/Kuro_B787_8-JAL/TEXTURE.JAL/787_10_AIRFRAME_LOD6_ALBD.PNG.DDS.json",
      "size": 102,
      "date": 133205894491306151
    },
    {
      "path": "SimObjects/Airplanes/Kuro_B787_8-JAL/TEXTURE.JAL/787_10_AIRFRAME_TAIL_ALBD.PNG.DDS",
      "size": 8388736,
      "date": 133205894491726245
    },
    {
      "path": "SimObjects/Airplanes/Kuro_B787_8-JAL/TEXTURE.JAL/787_10_AIRFRAME_TAIL_ALBD.PNG.DDS.json",
      "size": 102,
      "date": 133205894491736261
    },
    {
      "path": "SimObjects/Airplanes/Kuro_B787_8-JAL/TEXTURE.JAL/787_8_AIRFRAME_LIVERYDECALS_ALBD.PNG.DDS",
      "size": 640,
      "date": 133205894491746249
    },
    {
      "path": "SimObjects/Airplanes/Kuro_B787_8-JAL/TEXTURE.JAL/787_8_AIRFRAME_LIVERYDECALS_ALBD.PNG.DDS.json",
      "size": 119,
      "date": 133205894491756251
    },
    {
      "path": "SimObjects/Airplanes/Kuro_B787_8-JAL/TEXTURE.JAL/texture.CFG",
      "size": 414,
      "date": 133205895850172040
    },
    {
      "path": "SimObjects/Airplanes/Kuro_B787_8-JAL/TEXTURE.JAL/thumbnail.JPG",
      "size": 67204,
      "date": 133205894491786259
    },
    {
      "path": "SimObjects/Airplanes/Kuro_B787_8-JAL/TEXTURE.JAL/thumbnail_small.JPG",
      "size": 16026,
      "date": 133205894491796258
    },
    {
      "path": "SimObjects/Airplanes/Kuro_B787_8-QTR/aircraft.cfg",
      "size": 2019,
      "date": 133205894491826267
    },
    {
      "path": "SimObjects/Airplanes/Kuro_B787_8-QTR/model.QTR/B787.xml",
      "size": 12663,
      "date": 133205895851021630
    },
    {
      "path": "SimObjects/Airplanes/Kuro_B787_8-QTR/model.QTR/B787_lod1.bin",
      "size": 50527344,
      "date": 133205894497277494
    },
    {
      "path": "SimObjects/Airplanes/Kuro_B787_8-QTR/model.QTR/B787_lod1.gltf",
      "size": 1234113,
      "date": 133205894497377531
    },
    {
      "path": "SimObjects/Airplanes/Kuro_B787_8-QTR/model.QTR/B787_lod6.bin",
      "size": 30724,
      "date": 133205894497387531
    },
    {
      "path": "SimObjects/Airplanes/Kuro_B787_8-QTR/model.QTR/B787_lod6.gltf",
      "size": 9974,
      "date": 133205894497397543
    },
    {
      "path": "SimObjects/Airplanes/Kuro_B787_8-QTR/model.QTR/model.CFG",
      "size": 695,
      "date": 133205895850182038
    },
    {
      "path": "SimObjects/Airplanes/Kuro_B787_8-QTR/panel.QTR/PANEL.CFG",
      "size": 505,
      "date": 133205895850197357
    },
    {
      "path": "SimObjects/Airplanes/Kuro_B787_8-QTR/TEXTURE.QTR/787_10_AIRFRAME_787_ALBD.PNG.DDS",
      "size": 4224,
      "date": 133205894497447541
    },
    {
      "path": "SimObjects/Airplanes/Kuro_B787_8-QTR/TEXTURE.QTR/787_10_AIRFRAME_787_ALBD.PNG.DDS.json",
      "size": 119,
      "date": 133205894497467543
    },
    {
      "path": "SimObjects/Airplanes/Kuro_B787_8-QTR/TEXTURE.QTR/787_10_AIRFRAME_ENGINE_ALBD.PNG.DDS",
      "size": 8388736,
      "date": 133205894497997656
    },
    {
      "path": "SimObjects/Airplanes/Kuro_B787_8-QTR/TEXTURE.QTR/787_10_AIRFRAME_ENGINE_ALBD.PNG.DDS.json",
      "size": 102,
      "date": 133205894498007681
    },
    {
      "path": "SimObjects/Airplanes/Kuro_B787_8-QTR/TEXTURE.QTR/787_10_AIRFRAME_FUSELAGE1_ALBD.PNG.DDS",
      "size": 67108992,
      "date": 133205894500789992
    },
    {
      "path": "SimObjects/Airplanes/Kuro_B787_8-QTR/TEXTURE.QTR/787_10_AIRFRAME_FUSELAGE1_ALBD.PNG.DDS.json",
      "size": 102,
      "date": 133205894500799852
    },
    {
      "path": "SimObjects/Airplanes/Kuro_B787_8-QTR/TEXTURE.QTR/787_10_AIRFRAME_FUSELAGE2_ALBD.PNG.DDS",
      "size": 67108992,
      "date": 133205894503056413
    },
    {
      "path": "SimObjects/Airplanes/Kuro_B787_8-QTR/TEXTURE.QTR/787_10_AIRFRAME_FUSELAGE2_ALBD.PNG.DDS.json",
      "size": 102,
      "date": 133205894503076411
    },
    {
      "path": "SimObjects/Airplanes/Kuro_B787_8-QTR/TEXTURE.QTR/787_10_AIRFRAME_LOD6_ALBD.PNG.DDS",
      "size": 1152,
      "date": 133205894503086417
    },
    {
      "path": "SimObjects/Airplanes/Kuro_B787_8-QTR/TEXTURE.QTR/787_10_AIRFRAME_LOD6_ALBD.PNG.DDS.json",
      "size": 102,
      "date": 133205894503096444
    },
    {
      "path": "SimObjects/Airplanes/Kuro_B787_8-QTR/TEXTURE.QTR/787_10_AIRFRAME_TAIL_ALBD.PNG.DDS",
      "size": 67108992,
      "date": 133205894505739720
    },
    {
      "path": "SimObjects/Airplanes/Kuro_B787_8-QTR/TEXTURE.QTR/787_10_AIRFRAME_TAIL_ALBD.PNG.DDS.json",
      "size": 102,
      "date": 133205894505749741
    },
    {
      "path": "SimObjects/Airplanes/Kuro_B787_8-QTR/TEXTURE.QTR/787_8_AIRFRAME_LIVERYDECALS_ALBD.PNG.DDS",
      "size": 640,
      "date": 133205894505769718
    },
    {
      "path": "SimObjects/Airplanes/Kuro_B787_8-QTR/TEXTURE.QTR/787_8_AIRFRAME_LIVERYDECALS_ALBD.PNG.DDS.json",
      "size": 119,
      "date": 133205894505779735
    },
    {
      "path": "SimObjects/Airplanes/Kuro_B787_8-QTR/TEXTURE.QTR/texture.CFG",
      "size": 414,
      "date": 133205895850217154
    },
    {
      "path": "SimObjects/Airplanes/Kuro_B787_8-QTR/TEXTURE.QTR/thumbnail.JPG",
      "size": 66152,
      "date": 133205894505809723
    },
    {
      "path": "SimObjects/Airplanes/Kuro_B787_8-QTR/TEXTURE.QTR/thumbnail_small.JPG",
      "size": 15759,
      "date": 133205894505819739
    },
    {
      "path": "SimObjects/Airplanes/Kuro_B787_8-UAL/aircraft.cfg",
      "size": 2046,
      "date": 133205894505839745
    },
    {
      "path": "SimObjects/Airplanes/Kuro_B787_8-UAL/panel.UAL/PANEL.CFG",
      "size": 505,
      "date": 133205895850232360
    },
    {
      "path": "SimObjects/Airplanes/Kuro_B787_8-UAL/TEXTURE.UAL/787_10_AIRFRAME_787_ALBD.PNG.DDS",
      "size": 4224,
      "date": 133205894505879762
    },
    {
      "path": "SimObjects/Airplanes/Kuro_B787_8-UAL/TEXTURE.UAL/787_10_AIRFRAME_787_ALBD.PNG.DDS.json",
      "size": 119,
      "date": 133205894505889766
    },
    {
      "path": "SimObjects/Airplanes/Kuro_B787_8-UAL/TEXTURE.UAL/787_10_AIRFRAME_ENGINE_ALBD.PNG.DDS",
      "size": 2097280,
      "date": 133205894506009786
    },
    {
      "path": "SimObjects/Airplanes/Kuro_B787_8-UAL/TEXTURE.UAL/787_10_AIRFRAME_ENGINE_ALBD.PNG.DDS.json",
      "size": 102,
      "date": 133205894506019814
    },
    {
      "path": "SimObjects/Airplanes/Kuro_B787_8-UAL/TEXTURE.UAL/787_10_AIRFRAME_FUSELAGE1_ALBD.PNG.DDS",
      "size": 8388736,
      "date": 133205894506329838
    },
    {
      "path": "SimObjects/Airplanes/Kuro_B787_8-UAL/TEXTURE.UAL/787_10_AIRFRAME_FUSELAGE1_ALBD.PNG.DDS.json",
      "size": 102,
      "date": 133205894506339845
    },
    {
      "path": "SimObjects/Airplanes/Kuro_B787_8-UAL/TEXTURE.UAL/787_10_AIRFRAME_FUSELAGE2_ALBD.PNG.DDS",
      "size": 8388736,
      "date": 133205894506639909
    },
    {
      "path": "SimObjects/Airplanes/Kuro_B787_8-UAL/TEXTURE.UAL/787_10_AIRFRAME_FUSELAGE2_ALBD.PNG.DDS.json",
      "size": 102,
      "date": 133205894506649915
    },
    {
      "path": "SimObjects/Airplanes/Kuro_B787_8-UAL/TEXTURE.UAL/787_10_AIRFRAME_LOD6_ALBD.PNG.DDS",
      "size": 1152,
      "date": 133205894506659916
    },
    {
      "path": "SimObjects/Airplanes/Kuro_B787_8-UAL/TEXTURE.UAL/787_10_AIRFRAME_LOD6_ALBD.PNG.DDS.json",
      "size": 102,
      "date": 133205894506669919
    },
    {
      "path": "SimObjects/Airplanes/Kuro_B787_8-UAL/TEXTURE.UAL/787_10_AIRFRAME_TAIL_ALBD.PNG.DDS",
      "size": 8388736,
      "date": 133205894507030007
    },
    {
      "path": "SimObjects/Airplanes/Kuro_B787_8-UAL/TEXTURE.UAL/787_10_AIRFRAME_TAIL_ALBD.PNG.DDS.json",
      "size": 102,
      "date": 133205894507040021
    },
    {
      "path": "SimObjects/Airplanes/Kuro_B787_8-UAL/TEXTURE.UAL/texture.CFG",
      "size": 414,
      "date": 133205895850242258
    },
    {
      "path": "SimObjects/Airplanes/Kuro_B787_8-UAL/TEXTURE.UAL/thumbnail.jpg",
      "size": 86816,
      "date": 133205894507070015
    },
    {
      "path": "SimObjects/Airplanes/Kuro_B787_8-UAL/TEXTURE.UAL/thumbnail_small.jpg",
      "size": 26513,
      "date": 133205894507080029
    }
  ]
}